student_id,study,university,semester,cohort_code,gender,first_generation,underrepresented,avg_sleep_minutes,avg_sleep_hours,daytime_sleep_minutes,sleep_midpoint_minutes,bedtime_variability,nights_tracked_fraction,prior_gpa,term_gpa,gpa_change,term_units,term_load_z,under_6h_sleep,sleep_bracket,sleep_midpoint_clock
293,1,Carnegie Mellon University,Spring 2018,lac2,Female,0.0,0.0,370.0,6.17,11.7,500.3,0.05,0.931,4.0,3.76,-0.24,49.0,0.112,0,6-6.5h,07:20
294,1,Carnegie Mellon University,Spring 2018,lac2,Female,0.0,0.0,406.8,6.78,49.7,359.5,0.0476,0.862,4.0,3.55,-0.45,49.0,0.112,0,6.5-7h,05:00
297,1,Carnegie Mellon University,Spring 2018,lac2,Female,0.0,1.0,253.8,4.23,178.5,398.2,0.1639,0.586,3.0,3.59,0.59,46.0,-0.604,1,<5.5h,05:38
303,1,Carnegie Mellon University,Spring 2018,lac2,Female,0.0,0.0,411.9,6.86,26.1,532.1,0.7854,0.931,3.8,3.46,-0.34,39.0,-2.275,0,6.5-7h,07:52
304,1,Carnegie Mellon University,Spring 2018,lac2,Female,0.0,1.0,408.1,6.8,71.6,354.0,0.1538,0.931,3.17,3.5,0.33,39.0,-2.275,0,6.5-7h,04:54
305,1,Carnegie Mellon University,Spring 2018,lac2,Male,1.0,1.0,346.8,5.78,78.1,541.3,1.0689,0.724,2.37,2.54,0.17,49.0,0.112,1,5.5-6h,08:01
306,1,Carnegie Mellon University,Spring 2018,lac2,Male,0.0,0.0,340.0,5.67,42.5,492.5,0.6244,0.759,3.4,3.5,0.1,45.0,-0.843,1,5.5-6h,07:12
308,1,Carnegie Mellon University,Spring 2018,lac2,Male,0.0,1.0,414.3,6.91,38.0,467.3,0.4093,0.931,2.53,2.4,-0.13,48.0,-0.127,0,6.5-7h,06:47
314,1,Carnegie Mellon University,Spring 2018,lac2,Male,0.0,0.0,381.2,6.35,34.7,446.8,0.1745,0.966,2.79,3.37,0.58,49.0,0.112,0,6-6.5h,06:27
315,1,Carnegie Mellon University,Spring 2018,lac2,Female,0.0,0.0,430.1,7.17,19.4,471.7,0.4159,0.828,4.0,3.61,-0.39,47.0,-0.366,0,7-7.5h,06:52
321,1,Carnegie Mellon University,Spring 2018,lac2,Female,0.0,0.0,357.7,5.96,35.4,431.5,0.1069,0.862,4.0,3.44,-0.56,54.0,1.305,1,5.5-6h,06:12
322,1,Carnegie Mellon University,Spring 2018,lac2,Male,1.0,1.0,447.4,7.46,23.4,267.8,0.04,1.0,4.0,3.81,-0.19,48.0,-0.127,0,7-7.5h,03:28
333,1,Carnegie Mellon University,Spring 2018,lac2,Female,0.0,0.0,402.1,6.7,52.9,444.3,0.0451,0.931,3.79,4.0,0.21,46.0,-0.604,0,6.5-7h,06:24
334,1,Carnegie Mellon University,Spring 2018,lac2,,0.0,0.0,315.6,5.26,18.5,436.2,0.1719,1.0,3.2,3.63,0.43,55.0,1.543,1,<5.5h,06:16
337,1,Carnegie Mellon University,Spring 2018,lac2,Female,0.0,0.0,367.8,6.13,10.6,425.3,0.1882,1.0,3.57,3.81,0.24,51.0,0.589,0,6-6.5h,06:05
338,1,Carnegie Mellon University,Spring 2018,lac2,Female,0.0,0.0,366.4,6.11,35.6,406.2,0.6453,0.931,3.7,3.57,-0.13,50.0,0.35,0,6-6.5h,05:46
342,1,Carnegie Mellon University,Spring 2018,lac2,Female,0.0,0.0,455.6,7.59,23.5,434.1,0.1099,0.897,4.0,4.0,0.0,51.0,0.589,0,7.5h+,06:14
343,1,Carnegie Mellon University,Spring 2018,lac2,Female,0.0,0.0,330.9,5.51,40.3,551.2,0.7578,0.655,2.92,3.12,0.2,50.0,0.35,1,5.5-6h,08:11
350,1,Carnegie Mellon University,Spring 2018,lac2,Female,0.0,0.0,406.7,6.78,11.0,391.4,0.3475,0.897,3.74,3.81,0.07,52.0,0.827,0,6.5-7h,05:31
360,1,Carnegie Mellon University,Spring 2018,lac2,Male,0.0,0.0,350.7,5.84,32.0,349.4,1.24,0.793,3.29,3.39,0.1,49.0,0.112,1,5.5-6h,04:49
361,1,Carnegie Mellon University,Spring 2018,lac2,Male,0.0,0.0,357.7,5.96,30.9,451.5,0.2978,0.759,3.59,3.38,-0.21,49.0,0.112,1,5.5-6h,06:32
376,1,Carnegie Mellon University,Spring 2018,lac2,Female,0.0,0.0,455.4,7.59,26.9,308.5,0.0242,0.966,3.48,2.98,-0.5,48.0,-0.127,0,7.5h+,04:08
378,1,Carnegie Mellon University,Spring 2018,lac2,Female,0.0,0.0,299.1,4.98,28.3,415.0,0.5407,0.724,4.0,4.0,0.0,51.0,0.589,1,<5.5h,05:55
379,1,Carnegie Mellon University,Spring 2018,lac2,Female,0.0,0.0,343.1,5.72,24.5,493.5,0.1737,0.897,3.07,4.0,0.93,48.0,-0.127,1,5.5-6h,07:14
380,1,Carnegie Mellon University,Spring 2018,lac2,Male,0.0,0.0,376.6,6.28,6.2,473.5,0.0854,1.0,3.48,3.46,-0.02,47.0,-0.366,0,6-6.5h,06:54
381,1,Carnegie Mellon University,Spring 2018,lac2,Female,0.0,0.0,398.0,6.63,19.0,502.7,0.4645,0.379,4.0,4.0,0.0,45.0,-0.843,0,6.5-7h,07:23
383,1,Carnegie Mellon University,Spring 2018,lac2,Male,0.0,0.0,411.8,6.86,55.4,459.0,0.1208,0.828,3.77,3.57,-0.2,47.0,-0.366,0,6.5-7h,06:39
386,1,Carnegie Mellon University,Spring 2018,lac2,Male,0.0,0.0,422.1,7.04,72.3,402.2,0.2994,1.0,3.22,3.58,0.36,53.0,1.066,0,7-7.5h,05:42
390,1,Carnegie Mellon University,Spring 2018,lac2,Female,0.0,0.0,283.1,4.72,30.7,585.2,1.9888,0.621,3.81,3.56,-0.25,48.0,-0.127,1,<5.5h,08:45
394,1,Carnegie Mellon University,Spring 2018,lac2,Male,0.0,0.0,425.3,7.09,52.9,375.2,0.1063,1.0,3.74,3.81,0.07,52.0,0.827,0,7-7.5h,05:15
395,1,Carnegie Mellon University,Spring 2018,lac2,Female,0.0,0.0,338.7,5.64,13.9,424.4,0.1341,0.966,3.4,3.81,0.41,51.0,0.589,1,5.5-6h,06:04
396,1,Carnegie Mellon University,Spring 2018,lac2,Male,0.0,0.0,362.1,6.03,31.1,415.0,1.217,0.724,3.8,3.61,-0.19,56.0,1.782,0,6-6.5h,05:55
402,1,Carnegie Mellon University,Spring 2018,lac2,Female,0.0,0.0,427.3,7.12,46.2,487.5,0.1257,0.862,3.76,3.72,-0.04,43.0,-1.32,0,7-7.5h,07:08
412,1,Carnegie Mellon University,Spring 2018,lac2,Female,0.0,0.0,397.9,6.63,58.8,374.6,0.1244,0.448,3.6,4.0,0.4,51.0,0.589,0,6.5-7h,05:15
413,1,Carnegie Mellon University,Spring 2018,lac2,Female,0.0,0.0,413.8,6.9,47.1,408.0,0.1976,0.966,3.79,3.0,-0.79,51.0,0.589,0,6.5-7h,05:48
419,1,Carnegie Mellon University,Spring 2018,lac2,Male,0.0,0.0,340.0,5.67,25.1,489.2,0.0994,0.931,3.56,3.59,0.03,46.0,-0.604,1,5.5-6h,07:09
422,1,Carnegie Mellon University,Spring 2018,lac2,Female,0.0,0.0,373.9,6.23,34.5,383.4,0.0624,0.862,3.29,3.28,-0.01,45.0,-0.843,0,6-6.5h,05:23
427,1,Carnegie Mellon University,Spring 2018,lac2,Female,0.0,0.0,452.5,7.54,82.3,407.1,0.6102,0.517,4.0,4.0,0.0,55.0,1.543,0,7.5h+,05:47
430,1,Carnegie Mellon University,Spring 2018,lac2,Female,0.0,0.0,301.3,5.02,21.2,486.2,0.2097,1.0,3.58,3.24,-0.34,56.0,1.782,1,<5.5h,07:06
432,1,Carnegie Mellon University,Spring 2018,lac2,Male,0.0,0.0,263.5,4.39,42.3,533.1,2.7586,0.586,3.21,3.05,-0.16,45.0,-0.843,1,<5.5h,07:53
452,1,Carnegie Mellon University,Spring 2018,lac2,Female,0.0,0.0,394.8,6.58,16.0,342.8,0.0283,1.0,4.0,4.0,0.0,50.0,0.35,0,6.5-7h,04:43
453,1,Carnegie Mellon University,Spring 2018,lac2,Male,0.0,0.0,283.3,4.72,40.5,669.7,4.2554,0.517,3.6,2.18,-1.42,47.0,-0.366,1,<5.5h,10:10
454,1,Carnegie Mellon University,Spring 2018,lac2,Female,0.0,0.0,385.0,6.42,57.4,369.0,0.299,0.862,3.12,3.6,0.48,45.0,-0.843,0,6-6.5h,05:09
461,1,Carnegie Mellon University,Spring 2018,lac2,Female,0.0,0.0,424.7,7.08,8.5,373.9,0.1536,0.966,3.81,3.59,-0.22,49.0,0.112,0,7-7.5h,05:14
463,1,Carnegie Mellon University,Spring 2018,lac2,Female,0.0,0.0,341.5,5.69,34.3,409.5,0.2535,0.931,3.49,3.6,0.11,45.0,-0.843,1,5.5-6h,05:50
466,1,Carnegie Mellon University,Spring 2018,lac2,Female,0.0,0.0,349.6,5.83,36.8,540.6,0.8066,0.655,2.65,3.49,0.84,48.0,-0.127,1,5.5-6h,08:01
473,1,Carnegie Mellon University,Spring 2018,lac2,Female,0.0,0.0,400.5,6.68,37.0,405.8,0.8294,0.828,3.25,2.49,-0.76,38.0,-2.513,0,6.5-7h,05:46
476,1,Carnegie Mellon University,Spring 2018,lac2,Female,0.0,0.0,406.8,6.78,24.7,385.3,0.1071,0.966,3.52,3.45,-0.07,40.0,-2.036,0,6.5-7h,05:25
479,1,Carnegie Mellon University,Spring 2018,lac2,Male,0.0,0.0,408.3,6.81,22.7,411.4,0.2671,0.966,2.86,3.78,0.92,46.0,-0.604,0,6.5-7h,05:51
483,1,Carnegie Mellon University,Spring 2018,lac2,Female,0.0,0.0,336.2,5.6,85.8,477.1,0.7187,1.0,3.78,3.8,0.02,49.0,0.112,1,5.5-6h,06:57
487,1,Carnegie Mellon University,Spring 2018,lac2,Female,0.0,1.0,219.9,3.66,136.2,396.5,0.5227,0.552,2.78,1.5,-1.28,46.0,-0.604,1,<5.5h,05:36
489,1,Carnegie Mellon University,Spring 2018,lac2,Female,0.0,0.0,481.2,8.02,19.1,349.2,0.0421,0.966,4.0,4.0,0.0,53.0,1.066,0,7.5h+,04:49
506,1,Carnegie Mellon University,Spring 2018,lac2,Male,0.0,0.0,411.7,6.86,10.8,335.7,0.0188,1.0,4.0,4.0,0.0,60.0,2.736,0,6.5-7h,04:36
507,1,Carnegie Mellon University,Spring 2018,lac2,Female,0.0,0.0,428.4,7.14,7.1,361.6,0.1113,0.655,3.69,3.76,0.07,56.0,1.782,0,7-7.5h,05:02
518,1,Carnegie Mellon University,Spring 2018,lac2,Female,1.0,0.0,297.0,4.95,60.6,466.8,0.647,0.69,4.0,4.0,0.0,53.0,1.066,1,<5.5h,06:47
522,1,Carnegie Mellon University,Spring 2018,lac2,Female,0.0,0.0,421.4,7.02,17.9,453.1,0.0839,0.586,4.0,3.53,-0.47,47.0,-0.366,0,7-7.5h,06:33
525,1,Carnegie Mellon University,Spring 2018,lac2,Female,0.0,0.0,351.2,5.85,45.4,476.6,0.9002,0.862,3.55,2.6,-0.95,53.0,1.066,1,5.5-6h,06:57
541,1,Carnegie Mellon University,Spring 2018,lac2,Male,0.0,0.0,393.3,6.55,36.5,401.8,0.029,0.966,4.0,4.0,0.0,49.0,0.112,0,6.5-7h,05:42
551,1,Carnegie Mellon University,Spring 2018,lac2,Male,0.0,0.0,431.3,7.19,35.8,445.6,0.1703,1.0,4.0,3.42,-0.58,55.0,1.543,0,7-7.5h,06:26
559,1,Carnegie Mellon University,Spring 2018,lac2,Female,0.0,0.0,370.5,6.17,32.8,627.6,0.3768,0.931,3.57,3.0,-0.57,48.0,-0.127,0,6-6.5h,09:28
563,1,Carnegie Mellon University,Spring 2018,lac2,Male,0.0,0.0,427.8,7.13,67.9,401.1,0.1666,0.966,4.0,4.0,0.0,40.0,-2.036,0,7-7.5h,05:41
572,1,Carnegie Mellon University,Spring 2018,lac2,Female,0.0,0.0,347.9,5.8,62.4,533.1,2.7628,0.724,3.8,3.59,-0.21,46.0,-0.604,1,5.5-6h,07:53
577,1,Carnegie Mellon University,Spring 2018,lac2,Male,0.0,0.0,393.7,6.56,52.8,393.3,0.1102,0.862,3.78,3.81,0.03,46.0,-0.604,0,6.5-7h,05:33
581,1,Carnegie Mellon University,Spring 2018,lac2,Male,0.0,0.0,398.0,6.63,39.2,411.0,0.42,0.931,3.56,4.0,0.44,45.0,-0.843,0,6.5-7h,05:51
586,1,Carnegie Mellon University,Spring 2018,lac2,Male,0.0,0.0,427.1,7.12,28.5,457.3,1.3981,0.655,3.8,4.0,0.2,49.0,0.112,0,7-7.5h,06:37
595,1,Carnegie Mellon University,Spring 2018,lac2,Female,0.0,1.0,408.3,6.8,54.4,348.7,0.0441,1.0,2.49,2.84,0.35,49.0,0.112,0,6.5-7h,04:49
609,1,Carnegie Mellon University,Spring 2018,lac2,Male,0.0,0.0,421.5,7.02,25.7,330.6,0.0494,0.655,3.77,3.79,0.02,47.0,-0.366,0,7-7.5h,04:31
613,1,Carnegie Mellon University,Spring 2018,lac2,Male,0.0,0.0,388.4,6.47,44.2,398.9,0.1833,0.759,4.0,4.0,0.0,54.0,1.305,0,6-6.5h,05:39
615,1,Carnegie Mellon University,Spring 2018,lac2,Male,1.0,0.0,250.4,4.17,80.8,628.0,2.5669,0.793,3.58,2.55,-1.03,54.0,1.305,1,<5.5h,09:28
617,1,Carnegie Mellon University,Spring 2018,lac2,Male,1.0,1.0,321.0,5.35,18.3,471.7,2.0339,0.724,4.0,3.63,-0.37,48.0,-0.127,1,<5.5h,06:52
631,1,Carnegie Mellon University,Spring 2018,lac2,Male,0.0,0.0,428.5,7.14,32.6,477.9,0.7811,0.966,2.36,2.79,0.43,47.0,-0.366,0,7-7.5h,06:58
644,1,Carnegie Mellon University,Spring 2018,lac2,Female,0.0,0.0,415.8,6.93,64.6,432.0,2.1962,0.897,3.17,2.8,-0.37,46.0,-0.604,0,6.5-7h,06:12
653,1,Carnegie Mellon University,Spring 2018,lac2,Female,1.0,0.0,313.9,5.23,65.0,402.0,0.1853,0.793,2.98,3.28,0.3,50.0,0.35,1,<5.5h,05:42
662,1,Carnegie Mellon University,Spring 2018,lac2,Male,0.0,1.0,457.4,7.62,30.9,535.4,0.4892,0.931,1.7,2.47,0.77,43.0,-1.32,0,7.5h+,07:55
665,1,Carnegie Mellon University,Spring 2018,lac2,Male,0.0,0.0,405.4,6.76,40.1,442.7,0.1037,0.897,3.52,3.57,0.05,51.0,0.589,0,6.5-7h,06:23
670,1,Carnegie Mellon University,Spring 2018,lac2,Male,0.0,0.0,413.1,6.89,44.3,407.5,0.2896,0.966,3.0,3.53,0.53,45.0,-0.843,0,6.5-7h,05:48
671,1,Carnegie Mellon University,Spring 2018,lac2,Female,0.0,0.0,414.7,6.91,18.5,424.9,0.0368,0.897,3.8,4.0,0.2,47.0,-0.366,0,6.5-7h,06:05
1,2,University of Washington,Spring 2018,uw1,Male,0.0,0.0,445.2,7.42,67.5,425.8,0.3212,0.893,3.196,3.9,0.704,5.0,-3.983,0,7-7.5h,06:06
2,2,University of Washington,Spring 2018,uw1,Female,1.0,0.0,587.7,9.79,64.5,380.3,0.4222,0.214,3.321,3.833,0.512,18.0,1.68,0,7.5h+,05:20
4,2,University of Washington,Spring 2018,uw1,Female,0.0,0.0,447.5,7.46,28.2,372.3,0.1173,0.929,3.767,3.5,-0.267,14.0,-0.062,0,7-7.5h,05:12
6,2,University of Washington,Spring 2018,uw1,Female,1.0,0.0,406.9,6.78,39.4,358.9,0.1382,0.929,3.427,3.477,0.05,13.0,-0.498,0,6.5-7h,04:59
8,2,University of Washington,Spring 2018,uw1,Female,0.0,0.0,456.7,7.61,61.6,364.8,0.553,0.893,3.6,3.128,-0.472,18.0,1.68,0,7.5h+,05:05
10,2,University of Washington,Spring 2018,uw1,Male,0.0,0.0,361.8,6.03,49.3,289.9,0.1774,0.75,3.923,4.0,0.077,15.0,0.373,0,6-6.5h,03:50
12,2,University of Washington,Spring 2018,uw1,Male,0.0,0.0,370.5,6.18,26.1,390.2,0.0996,0.857,3.555,3.569,0.014,13.0,-0.498,0,6-6.5h,05:30
13,2,University of Washington,Spring 2018,uw1,Male,0.0,0.0,404.8,6.75,103.1,406.1,1.1184,0.893,3.593,3.533,-0.06,15.0,0.373,0,6.5-7h,05:46
14,2,University of Washington,Spring 2018,uw1,Female,0.0,0.0,518.6,8.64,30.5,342.9,0.0448,1.0,3.533,3.9,0.367,15.0,0.373,0,7.5h+,04:43
15,2,University of Washington,Spring 2018,uw1,Female,0.0,0.0,493.6,8.23,31.8,260.2,0.0649,1.0,3.746,3.9,0.154,15.0,0.373,0,7.5h+,03:20
19,2,University of Washington,Spring 2018,uw1,Female,1.0,0.0,411.3,6.85,27.3,349.5,0.0927,0.536,3.266,3.1,-0.166,15.0,0.373,0,6.5-7h,04:50
20,2,University of Washington,Spring 2018,uw1,Female,0.0,0.0,274.2,4.57,152.6,315.6,0.1125,1.0,2.883,2.75,-0.133,14.0,-0.062,1,<5.5h,04:16
22,2,University of Washington,Spring 2018,uw1,Female,0.0,0.0,494.4,8.24,54.1,305.2,0.1287,0.929,3.152,3.1,-0.052,15.0,0.373,0,7.5h+,04:05
23,2,University of Washington,Spring 2018,uw1,Female,0.0,0.0,444.9,7.41,35.7,314.7,0.0687,1.0,2.915,2.933,0.018,15.0,0.373,0,7-7.5h,04:15
24,2,University of Washington,Spring 2018,uw1,Female,0.0,0.0,382.2,6.37,54.9,477.3,0.0624,1.0,3.452,3.8,0.348,15.0,0.373,0,6-6.5h,06:57
26,2,University of Washington,Spring 2018,uw1,Female,0.0,0.0,467.2,7.79,29.8,392.5,0.141,0.571,2.917,1.7,-1.217,15.0,0.373,0,7.5h+,05:32
28,2,University of Washington,Spring 2018,uw1,Male,0.0,0.0,439.2,7.32,48.6,326.7,0.0693,1.0,3.745,3.838,0.094,13.0,-0.498,0,7-7.5h,04:27
30,2,University of Washington,Spring 2018,uw1,Female,0.0,0.0,438.7,7.31,41.8,405.6,0.6026,0.964,3.336,3.933,0.598,15.0,0.373,0,7-7.5h,05:46
31,2,University of Washington,Spring 2018,uw1,Female,0.0,0.0,459.5,7.66,14.8,281.1,0.0833,0.964,4.0,4.0,0.0,13.0,-0.498,0,7.5h+,03:41
32,2,University of Washington,Spring 2018,uw1,Female,1.0,0.0,405.2,6.75,39.6,363.2,0.0622,1.0,3.18,3.5,0.32,10.0,-1.805,0,6.5-7h,05:03
33,2,University of Washington,Spring 2018,uw1,Female,1.0,0.0,396.5,6.61,75.6,410.8,0.1101,1.0,2.567,2.992,0.426,13.0,-0.498,0,6.5-7h,05:51
34,2,University of Washington,Spring 2018,uw1,Female,1.0,0.0,389.0,6.48,24.3,300.5,0.2066,0.536,3.741,3.479,-0.262,14.0,-0.062,0,6-6.5h,04:00
35,2,University of Washington,Spring 2018,uw1,Female,0.0,0.0,441.0,7.35,36.5,345.0,0.3075,1.0,3.532,3.6,0.068,15.0,0.373,0,7-7.5h,04:45
37,2,University of Washington,Spring 2018,uw1,Female,1.0,0.0,434.0,7.23,8.6,343.3,0.0482,1.0,3.7,3.193,-0.507,14.0,-0.062,0,7-7.5h,04:43
38,2,University of Washington,Spring 2018,uw1,Male,0.0,0.0,433.2,7.22,72.0,417.5,0.1477,0.714,3.883,3.9,0.017,10.0,-1.805,0,7-7.5h,05:58
39,2,University of Washington,Spring 2018,uw1,Male,0.0,0.0,371.1,6.19,25.8,493.1,0.0544,1.0,3.467,3.608,0.142,12.0,-0.933,0,6-6.5h,07:13
42,2,University of Washington,Spring 2018,uw1,Female,1.0,0.0,425.5,7.09,26.0,334.1,0.0958,1.0,3.8,3.95,0.15,10.0,-1.805,0,7-7.5h,04:34
43,2,University of Washington,Spring 2018,uw1,Female,1.0,0.0,394.9,6.58,13.1,362.7,0.0411,1.0,3.7,3.867,0.167,12.0,-0.933,0,6.5-7h,05:03
44,2,University of Washington,Spring 2018,uw1,Female,1.0,1.0,469.5,7.82,31.3,473.9,0.397,0.857,3.126,2.729,-0.398,14.0,-0.062,0,7.5h+,06:54
45,2,University of Washington,Spring 2018,uw1,Male,0.0,0.0,349.0,5.82,53.1,330.8,0.127,0.964,3.96,3.767,-0.193,15.0,0.373,1,5.5-6h,04:31
46,2,University of Washington,Spring 2018,uw1,Female,0.0,0.0,328.9,5.48,88.1,497.3,0.4576,0.929,3.652,3.344,-0.307,18.0,1.68,1,<5.5h,07:17
47,2,University of Washington,Spring 2018,uw1,Male,0.0,0.0,337.4,5.62,85.0,437.8,0.1269,1.0,3.867,3.567,-0.3,15.0,0.373,1,5.5-6h,06:18
48,2,University of Washington,Spring 2018,uw1,Male,1.0,0.0,329.0,5.48,50.9,389.2,0.0317,0.964,3.627,3.5,-0.127,10.0,-1.805,1,<5.5h,05:29
49,2,University of Washington,Spring 2018,uw1,Male,0.0,0.0,400.2,6.67,68.5,536.7,11.4803,0.286,3.397,3.564,0.167,11.0,-1.369,0,6.5-7h,07:57
50,2,University of Washington,Spring 2018,uw1,Female,1.0,0.0,412.6,6.88,68.6,323.8,0.0773,0.964,3.6,3.436,-0.164,14.0,-0.062,0,6.5-7h,04:24
51,2,University of Washington,Spring 2018,uw1,Female,0.0,1.0,362.1,6.04,64.0,508.5,1.7427,0.286,3.758,3.833,0.076,15.0,0.373,0,6-6.5h,07:28
54,2,University of Washington,Spring 2018,uw1,Male,0.0,0.0,399.5,6.66,76.4,573.6,1.4693,0.75,3.083,2.478,-0.605,18.0,1.68,0,6.5-7h,08:34
55,2,University of Washington,Spring 2018,uw1,Female,0.0,1.0,255.4,4.26,46.4,561.0,2.1725,0.964,3.346,2.5,-0.846,10.0,-1.805,1,<5.5h,08:21
57,2,University of Washington,Spring 2018,uw1,Male,0.0,0.0,438.8,7.31,42.7,370.6,0.0595,0.857,3.2,3.038,-0.162,13.0,-0.498,0,7-7.5h,05:11
58,2,University of Washington,Spring 2018,uw1,Female,0.0,0.0,511.3,8.52,37.9,320.5,0.0606,0.964,3.583,3.55,-0.033,10.0,-1.805,0,7.5h+,04:20
60,2,University of Washington,Spring 2018,uw1,Male,1.0,1.0,388.2,6.47,69.3,372.9,0.2107,1.0,3.629,3.467,-0.163,15.0,0.373,0,6-6.5h,05:13
61,2,University of Washington,Spring 2018,uw1,Female,,1.0,477.9,7.96,23.6,331.3,0.0454,0.679,3.868,3.65,-0.218,10.0,-1.805,0,7.5h+,04:31
62,2,University of Washington,Spring 2018,uw1,Female,0.0,1.0,422.3,7.04,54.6,640.2,3.36,0.786,3.78,3.267,-0.513,15.0,0.373,0,7-7.5h,09:40
64,2,University of Washington,Spring 2018,uw1,Female,0.0,0.0,442.0,7.37,34.8,404.0,0.4396,0.714,3.817,3.933,0.117,15.0,0.373,0,7-7.5h,05:44
67,2,University of Washington,Spring 2018,uw1,Female,0.0,0.0,402.6,6.71,18.8,342.3,0.1049,0.964,3.913,3.85,-0.063,16.0,0.809,0,6.5-7h,04:42
68,2,University of Washington,Spring 2018,uw1,Female,0.0,1.0,430.1,7.17,24.8,317.8,0.0383,1.0,3.529,3.654,0.125,13.0,-0.498,0,7-7.5h,04:18
69,2,University of Washington,Spring 2018,uw1,Female,0.0,1.0,328.2,5.47,17.1,430.9,1.7592,0.429,2.939,1.7,-1.239,15.0,0.373,1,<5.5h,06:11
73,2,University of Washington,Spring 2018,uw1,Female,0.0,0.0,418.2,6.97,18.2,325.2,0.1756,0.643,4.0,3.973,-0.027,11.0,-1.369,0,6.5-7h,04:25
74,2,University of Washington,Spring 2018,uw1,Female,0.0,0.0,432.2,7.2,41.6,478.1,0.0808,0.964,3.7,3.623,-0.077,13.0,-0.498,0,7-7.5h,06:58
75,2,University of Washington,Spring 2018,uw1,Female,0.0,0.0,487.5,8.12,36.9,305.9,0.0799,1.0,3.82,3.669,-0.151,13.0,-0.498,0,7.5h+,04:06
76,2,University of Washington,Spring 2018,uw1,Male,0.0,0.0,434.3,7.24,41.7,351.6,0.0446,0.964,3.686,3.336,-0.35,14.0,-0.062,0,7-7.5h,04:52
78,2,University of Washington,Spring 2018,uw1,Female,1.0,0.0,408.6,6.81,34.5,397.2,0.0614,0.964,3.5,3.467,-0.033,15.0,0.373,0,6.5-7h,05:37
80,2,University of Washington,Spring 2018,uw1,Female,1.0,0.0,430.0,7.17,43.3,436.7,0.0512,0.964,3.65,3.528,-0.122,18.0,1.68,0,7-7.5h,06:17
82,2,University of Washington,Spring 2018,uw1,Female,1.0,0.0,398.5,6.64,21.7,343.8,0.0242,1.0,3.797,3.667,-0.13,15.0,0.373,0,6.5-7h,04:44
84,2,University of Washington,Spring 2018,uw1,Female,1.0,0.0,377.5,6.29,86.3,423.5,0.2358,1.0,3.784,3.754,-0.03,13.0,-0.498,0,6-6.5h,06:04
86,2,University of Washington,Spring 2018,uw1,Female,1.0,0.0,394.4,6.57,98.3,324.1,0.0872,1.0,3.488,3.647,0.159,15.0,0.373,0,6.5-7h,04:24
87,2,University of Washington,Spring 2018,uw1,Female,0.0,0.0,408.8,6.81,18.9,297.4,0.0746,1.0,3.75,3.875,0.125,16.0,0.809,0,6.5-7h,03:57
88,2,University of Washington,Spring 2018,uw1,Male,0.0,0.0,436.4,7.27,64.2,394.1,0.7865,0.929,3.541,3.233,-0.307,15.0,0.373,0,7-7.5h,05:34
89,2,University of Washington,Spring 2018,uw1,Female,1.0,0.0,398.9,6.65,79.3,340.4,0.2006,0.857,3.375,2.269,-1.106,13.0,-0.498,0,6.5-7h,04:40
90,2,University of Washington,Spring 2018,uw1,Male,1.0,1.0,422.7,7.04,11.8,285.5,0.0675,0.75,3.434,3.483,0.049,12.0,-0.933,0,7-7.5h,03:46
91,2,University of Washington,Spring 2018,uw1,Female,0.0,0.0,369.5,6.16,67.6,358.4,0.1087,1.0,3.819,3.753,-0.066,17.0,1.245,0,6-6.5h,04:58
92,2,University of Washington,Spring 2018,uw1,Female,0.0,0.0,485.7,8.1,27.4,314.3,0.1555,1.0,3.077,3.231,0.153,13.0,-0.498,0,7.5h+,04:14
93,2,University of Washington,Spring 2018,uw1,Female,0.0,0.0,485.2,8.09,114.0,497.0,5.3448,0.214,3.857,3.95,0.093,10.0,-1.805,0,7.5h+,07:17
95,2,University of Washington,Spring 2018,uw1,Male,0.0,0.0,496.8,8.28,19.1,300.0,0.0763,0.929,3.904,3.9,-0.004,10.0,-1.805,0,7.5h+,04:00
97,2,University of Washington,Spring 2018,uw1,Male,0.0,1.0,389.7,6.5,25.6,355.7,0.0621,0.964,3.693,3.533,-0.16,15.0,0.373,0,6.5-7h,04:56
98,2,University of Washington,Spring 2018,uw1,Female,1.0,0.0,407.3,6.79,99.1,558.7,0.8892,1.0,3.371,3.967,0.596,15.0,0.373,0,6.5-7h,08:19
99,2,University of Washington,Spring 2018,uw1,Male,0.0,0.0,400.0,6.67,47.5,385.4,0.1293,0.929,3.591,3.367,-0.224,15.0,0.373,0,6.5-7h,05:25
102,2,University of Washington,Spring 2018,uw1,Female,0.0,1.0,497.4,8.29,50.1,507.9,0.6073,0.5,2.603,3.9,1.297,13.0,-0.498,0,7.5h+,07:28
103,2,University of Washington,Spring 2018,uw1,Female,0.0,0.0,383.7,6.39,6.6,327.1,0.1296,0.857,3.914,4.0,0.086,15.0,0.373,0,6-6.5h,04:27
104,2,University of Washington,Spring 2018,uw1,Male,1.0,1.0,405.8,6.76,34.7,335.0,0.2723,0.929,3.525,3.4,-0.125,10.0,-1.805,0,6.5-7h,04:35
106,2,University of Washington,Spring 2018,uw1,Female,0.0,1.0,291.5,4.86,44.3,605.9,2.0271,0.393,3.46,3.567,0.107,15.0,0.373,1,<5.5h,09:06
108,2,University of Washington,Spring 2018,uw1,Female,1.0,0.0,498.9,8.32,24.9,452.9,0.047,0.929,3.25,3.077,-0.173,13.0,-0.498,0,7.5h+,06:33
109,2,University of Washington,Spring 2018,uw1,Female,0.0,0.0,371.1,6.18,51.0,331.0,0.1069,0.929,3.315,3.721,0.406,14.0,-0.062,0,6-6.5h,04:31
110,2,University of Washington,Spring 2018,uw1,Male,,0.0,397.1,6.62,99.5,487.6,0.2003,0.857,3.337,3.538,0.201,13.0,-0.498,0,6.5-7h,07:08
111,2,University of Washington,Spring 2018,uw1,Female,0.0,1.0,454.7,7.58,46.2,450.2,0.5477,0.607,3.28,3.5,0.22,10.0,-1.805,0,7.5h+,06:30
113,2,University of Washington,Spring 2018,uw1,Female,0.0,1.0,355.8,5.93,59.2,409.3,0.1319,1.0,3.38,3.5,0.12,15.0,0.373,1,5.5-6h,05:49
115,2,University of Washington,Spring 2018,uw1,Female,0.0,0.0,380.2,6.34,9.2,724.7,12.9284,0.214,3.416,3.233,-0.182,15.0,0.373,0,6-6.5h,11:05
116,2,University of Washington,Spring 2018,uw1,Female,0.0,0.0,423.5,7.06,90.0,320.9,0.9428,0.536,3.675,3.538,-0.137,13.0,-0.498,0,7-7.5h,04:21
117,2,University of Washington,Spring 2018,uw1,Female,1.0,0.0,390.5,6.51,63.7,366.2,1.2826,1.0,3.352,2.691,-0.661,11.0,-1.369,0,6.5-7h,05:06
118,2,University of Washington,Spring 2018,uw1,Female,0.0,0.0,387.0,6.45,17.8,299.0,0.1865,0.821,3.44,3.5,0.06,10.0,-1.805,0,6-6.5h,03:59
120,2,University of Washington,Spring 2018,uw1,Male,0.0,0.0,408.0,6.8,26.7,400.6,0.0586,1.0,2.611,3.464,0.853,14.0,-0.062,0,6.5-7h,05:41
122,2,University of Washington,Spring 2018,uw1,Female,0.0,0.0,482.6,8.04,44.2,416.3,0.475,0.357,3.326,3.033,-0.293,15.0,0.373,0,7.5h+,05:56
124,2,University of Washington,Spring 2018,uw1,Female,0.0,1.0,418.7,6.98,48.7,368.9,0.6438,0.357,3.111,3.2,0.089,15.0,0.373,0,6.5-7h,05:09
125,2,University of Washington,Spring 2018,uw1,Female,1.0,0.0,367.9,6.13,95.9,499.7,0.8007,0.929,3.279,3.767,0.487,15.0,0.373,0,6-6.5h,07:20
126,2,University of Washington,Spring 2018,uw1,Female,0.0,0.0,408.5,6.81,90.4,320.4,0.2523,0.893,3.88,3.962,0.082,13.0,-0.498,0,6.5-7h,04:20
127,2,University of Washington,Spring 2018,uw1,Female,0.0,1.0,359.2,5.99,39.2,345.7,0.1842,0.929,3.622,3.592,-0.029,13.0,-0.498,1,5.5-6h,04:46
128,2,University of Washington,Spring 2018,uw1,Female,0.0,0.0,412.3,6.87,15.8,283.0,7.4779,0.357,3.867,3.967,0.1,15.0,0.373,0,6.5-7h,03:43
130,2,University of Washington,Spring 2018,uw1,Female,0.0,0.0,511.6,8.53,29.7,264.5,0.0416,1.0,3.917,3.9,-0.017,15.0,0.373,0,7.5h+,03:24
132,2,University of Washington,Spring 2018,uw1,Female,1.0,1.0,430.4,7.17,71.1,319.6,0.0891,1.0,2.332,3.446,1.114,13.0,-0.498,0,7-7.5h,04:20
136,2,University of Washington,Spring 2018,uw1,Female,0.0,0.0,458.0,7.63,27.2,363.5,0.05,1.0,3.7,3.933,0.233,15.0,0.373,0,7.5h+,05:04
137,2,University of Washington,Spring 2018,uw1,Female,1.0,1.0,392.9,6.55,42.3,390.4,0.2357,0.964,3.66,3.533,-0.127,15.0,0.373,0,6.5-7h,05:30
138,2,University of Washington,Spring 2018,uw1,Male,0.0,0.0,386.1,6.43,22.4,540.1,1.4947,0.464,3.773,3.867,0.094,15.0,0.373,0,6-6.5h,08:00
140,2,University of Washington,Spring 2018,uw1,Male,0.0,0.0,441.9,7.37,23.1,373.5,0.0706,1.0,3.803,3.944,0.141,18.0,1.68,0,7-7.5h,05:14
141,2,University of Washington,Spring 2018,uw1,Female,0.0,0.0,451.8,7.53,51.9,316.2,0.143,0.893,3.333,2.533,-0.8,15.0,0.373,0,7.5h+,04:16
143,2,University of Washington,Spring 2018,uw1,Male,0.0,0.0,449.2,7.49,36.7,381.0,0.0428,0.714,3.987,3.917,-0.07,18.0,1.68,0,7-7.5h,05:21
144,2,University of Washington,Spring 2018,uw1,Female,1.0,0.0,335.2,5.59,52.9,365.3,0.1415,1.0,3.356,2.871,-0.485,14.0,-0.062,1,5.5-6h,05:05
145,2,University of Washington,Spring 2018,uw1,Male,0.0,0.0,423.7,7.06,31.9,490.7,0.1684,0.929,3.239,3.633,0.394,15.0,0.373,0,7-7.5h,07:11
146,2,University of Washington,Spring 2018,uw1,Female,0.0,0.0,392.5,6.54,39.4,359.1,0.3245,0.964,3.955,3.964,0.009,14.0,-0.062,0,6.5-7h,04:59
149,2,University of Washington,Spring 2018,uw1,Female,1.0,1.0,369.3,6.15,97.9,329.5,0.1132,1.0,2.7,3.0,0.3,12.0,-0.933,0,6-6.5h,04:30
150,2,University of Washington,Spring 2018,uw1,Male,1.0,1.0,368.0,6.13,48.5,382.6,1.2089,0.821,2.9,3.15,0.25,18.0,1.68,0,6-6.5h,05:23
153,2,University of Washington,Spring 2018,uw1,Female,0.0,0.0,393.1,6.55,23.2,319.6,0.0545,1.0,3.58,3.967,0.387,12.0,-0.933,0,6.5-7h,04:20
154,2,University of Washington,Spring 2018,uw1,Male,1.0,0.0,402.3,6.7,65.3,404.6,0.0837,0.893,3.35,3.769,0.419,13.0,-0.498,0,6.5-7h,05:45
155,2,University of Washington,Spring 2018,uw1,Female,0.0,0.0,406.7,6.78,22.6,398.9,0.0989,1.0,3.914,3.953,0.039,17.0,1.245,0,6.5-7h,05:39
156,2,University of Washington,Spring 2018,uw1,Male,0.0,0.0,346.7,5.78,60.8,435.3,1.5523,1.0,3.609,3.441,-0.168,17.0,1.245,1,5.5-6h,06:15
157,2,University of Washington,Spring 2018,uw1,Female,0.0,0.0,361.8,6.03,29.9,471.2,0.1726,1.0,3.459,3.55,0.091,10.0,-1.805,0,6-6.5h,06:51
158,2,University of Washington,Spring 2018,uw1,Female,0.0,0.0,364.9,6.08,67.2,326.9,0.2545,0.929,3.091,2.9,-0.191,18.0,1.68,0,6-6.5h,04:27
159,2,University of Washington,Spring 2018,uw1,Male,0.0,1.0,287.9,4.8,104.4,456.4,0.4675,0.5,3.421,2.919,-0.503,16.0,0.809,1,<5.5h,06:36
160,2,University of Washington,Spring 2018,uw1,Male,0.0,0.0,455.6,7.59,18.3,437.7,0.0863,0.536,3.709,3.443,-0.266,14.0,-0.062,0,7.5h+,06:18
163,2,University of Washington,Spring 2018,uw1,Male,1.0,0.0,474.9,7.92,59.1,445.5,0.8942,0.964,3.897,4.0,0.103,15.0,0.373,0,7.5h+,06:26
165,2,University of Washington,Spring 2018,uw1,Female,0.0,0.0,436.4,7.27,57.7,355.9,0.2523,0.893,3.726,3.733,0.008,15.0,0.373,0,7-7.5h,04:56
166,2,University of Washington,Spring 2018,uw1,Female,0.0,0.0,432.6,7.21,27.4,333.4,0.1722,1.0,3.893,3.833,-0.06,15.0,0.373,0,7-7.5h,04:33
167,2,University of Washington,Spring 2018,uw1,Female,0.0,0.0,399.4,6.66,87.1,425.1,0.5901,0.714,3.72,3.567,-0.153,15.0,0.373,0,6.5-7h,06:05
169,2,University of Washington,Spring 2018,uw1,Female,1.0,1.0,471.3,7.86,12.6,303.8,0.0285,1.0,3.544,3.518,-0.026,17.0,1.245,0,7.5h+,04:04
170,2,University of Washington,Spring 2018,uw1,Female,0.0,0.0,487.1,8.12,42.1,282.5,0.0045,1.0,3.8,3.767,-0.033,15.0,0.373,0,7.5h+,03:42
171,2,University of Washington,Spring 2018,uw1,Female,0.0,0.0,460.5,7.68,19.9,335.2,0.1524,0.464,3.317,3.233,-0.083,12.0,-0.933,0,7.5h+,04:35
172,2,University of Washington,Spring 2018,uw1,Female,,0.0,407.2,6.79,12.4,387.3,0.0754,0.929,3.727,3.6,-0.127,15.0,0.373,0,6.5-7h,05:27
174,2,University of Washington,Spring 2018,uw1,Female,1.0,0.0,405.0,6.75,47.4,571.2,0.2033,0.929,2.31,3.377,1.067,13.0,-0.498,0,6.5-7h,08:31
175,2,University of Washington,Spring 2018,uw1,Female,0.0,0.0,413.7,6.89,12.4,376.9,0.101,1.0,3.75,3.744,-0.006,18.0,1.68,0,6.5-7h,05:17
176,2,University of Washington,Spring 2018,uw1,Female,1.0,0.0,374.9,6.25,23.4,419.3,0.2151,0.964,2.25,2.871,0.621,17.0,1.245,0,6-6.5h,05:59
178,2,University of Washington,Spring 2018,uw1,Male,0.0,0.0,329.4,5.49,39.6,600.0,1.8361,0.607,3.27,2.894,-0.376,18.0,1.68,1,<5.5h,09:00
179,2,University of Washington,Spring 2018,uw1,Female,0.0,0.0,430.5,7.17,35.0,296.4,0.0507,1.0,4.0,3.967,-0.033,15.0,0.373,0,7-7.5h,03:56
180,2,University of Washington,Spring 2018,uw1,Female,0.0,1.0,447.9,7.46,36.3,315.1,0.0733,0.929,2.638,3.483,0.845,18.0,1.68,0,7-7.5h,04:15
181,2,University of Washington,Spring 2018,uw1,Male,0.0,0.0,368.7,6.14,88.8,537.7,1.4327,0.75,2.9,3.267,0.367,15.0,0.373,0,6-6.5h,07:58
183,2,University of Washington,Spring 2018,uw1,Male,0.0,0.0,353.7,5.89,52.6,476.3,0.4664,0.929,3.881,4.0,0.119,15.0,0.373,1,5.5-6h,06:56
184,2,University of Washington,Spring 2018,uw1,Male,0.0,0.0,388.8,6.48,46.0,367.4,0.6091,1.0,3.88,3.667,-0.213,15.0,0.373,0,6-6.5h,05:07
186,2,University of Washington,Spring 2018,uw1,Male,1.0,0.0,419.5,6.99,51.1,373.3,0.1292,0.679,3.926,3.889,-0.037,18.0,1.68,0,6.5-7h,05:13
188,2,University of Washington,Spring 2018,uw1,Female,0.0,0.0,435.2,7.25,30.4,319.8,0.0695,1.0,3.645,3.831,0.186,16.0,0.809,0,7-7.5h,04:20
191,2,University of Washington,Spring 2018,uw1,Female,0.0,1.0,389.0,6.48,40.9,384.3,0.5101,1.0,3.3,3.4,0.1,15.0,0.373,0,6-6.5h,05:24
193,2,University of Washington,Spring 2018,uw1,Female,0.0,0.0,374.4,6.24,43.7,381.4,0.1838,0.964,3.911,3.8,-0.111,15.0,0.373,0,6-6.5h,05:21
194,2,University of Washington,Spring 2018,uw1,Male,0.0,0.0,485.9,8.1,19.9,425.1,0.6562,0.25,3.53,3.733,0.203,15.0,0.373,0,7.5h+,06:05
195,2,University of Washington,Spring 2018,uw1,Female,0.0,0.0,404.4,6.74,59.5,327.2,1.2342,0.286,2.609,2.867,0.258,15.0,0.373,0,6.5-7h,04:27
196,2,University of Washington,Spring 2018,uw1,Male,1.0,1.0,414.3,6.9,26.9,380.7,0.1428,0.964,3.587,3.65,0.063,10.0,-1.805,0,6.5-7h,05:21
197,2,University of Washington,Spring 2018,uw1,Male,0.0,1.0,404.0,6.73,63.7,430.4,0.3176,0.536,2.983,2.933,-0.05,15.0,0.373,0,6.5-7h,06:10
198,2,University of Washington,Spring 2018,uw1,Female,0.0,0.0,435.4,7.26,20.9,434.0,1.3332,0.821,3.2,2.9,-0.3,15.0,0.373,0,7-7.5h,06:14
199,2,University of Washington,Spring 2018,uw1,Female,0.0,0.0,437.1,7.29,25.0,318.4,0.154,0.786,3.08,3.633,0.553,15.0,0.373,0,7-7.5h,04:18
201,2,University of Washington,Spring 2018,uw1,Male,1.0,0.0,391.4,6.52,36.3,396.6,0.1384,0.607,2.738,2.35,-0.388,10.0,-1.805,0,6.5-7h,05:37
202,2,University of Washington,Spring 2018,uw1,Male,0.0,0.0,393.5,6.56,56.7,647.8,20.8492,0.357,3.886,3.867,-0.02,15.0,0.373,0,6.5-7h,09:48
205,2,University of Washington,Spring 2018,uw1,Male,0.0,0.0,475.3,7.92,49.9,307.2,0.073,0.964,3.8,3.767,-0.033,15.0,0.373,0,7.5h+,04:07
206,2,University of Washington,Spring 2018,uw1,Male,1.0,1.0,351.5,5.86,111.2,376.3,0.0575,0.964,3.682,3.95,0.268,10.0,-1.805,1,5.5-6h,05:16
209,2,University of Washington,Spring 2018,uw1,Male,1.0,0.0,439.7,7.33,29.9,280.1,0.0911,1.0,3.609,3.731,0.123,16.0,0.809,0,7-7.5h,03:40
304,3,University of Washington,Spring 2019,uw2,Male,1.0,0.0,362.3,6.04,82.6,319.6,0.3702,0.75,2.948,2.64,-0.308,15.0,0.041,0,6-6.5h,04:20
305,3,University of Washington,Spring 2019,uw2,Female,1.0,0.0,434.9,7.25,16.8,394.2,0.0608,1.0,3.775,3.92,0.145,13.0,-1.0,0,7-7.5h,05:34
306,3,University of Washington,Spring 2019,uw2,Female,0.0,0.0,421.6,7.03,29.3,355.7,0.041,1.0,3.865,3.87,0.005,15.0,0.041,0,7-7.5h,04:56
307,3,University of Washington,Spring 2019,uw2,Female,0.0,0.0,434.2,7.24,26.0,322.6,0.0291,0.857,3.458,3.29,-0.168,14.0,-0.48,0,7-7.5h,04:23
312,3,University of Washington,Spring 2019,uw2,Female,0.0,0.0,390.0,6.5,43.9,335.1,0.0483,0.857,3.293,3.76,0.467,16.0,0.562,0,6.5-7h,04:35
313,3,University of Washington,Spring 2019,uw2,Male,0.0,0.0,384.0,6.4,17.4,323.3,0.0531,1.0,2.92,3.52,0.6,15.0,0.041,0,6-6.5h,04:23
320,3,University of Washington,Spring 2019,uw2,Male,0.0,0.0,420.3,7.0,26.5,393.1,0.1235,0.964,3.335,3.63,0.295,15.0,0.041,0,7-7.5h,05:33
321,3,University of Washington,Spring 2019,uw2,Male,1.0,1.0,413.7,6.9,44.0,432.2,0.121,0.964,3.048,3.67,0.622,17.0,1.083,0,6.5-7h,06:12
323,3,University of Washington,Spring 2019,uw2,Female,0.0,0.0,406.5,6.77,23.6,464.8,0.4758,0.857,2.958,2.8,-0.158,13.0,-1.0,0,6.5-7h,06:45
324,3,University of Washington,Spring 2019,uw2,Female,0.0,0.0,460.2,7.67,34.8,424.8,0.0978,0.821,2.625,3.0,0.375,15.0,0.041,0,7.5h+,06:05
325,3,University of Washington,Spring 2019,uw2,Female,1.0,0.0,353.3,5.89,36.1,413.7,0.1567,1.0,3.011,3.39,0.379,16.0,0.562,1,5.5-6h,05:54
328,3,University of Washington,Spring 2019,uw2,Female,1.0,0.0,349.6,5.83,98.0,346.1,0.1238,1.0,3.836,3.85,0.014,13.0,-1.0,1,5.5-6h,04:46
331,3,University of Washington,Spring 2019,uw2,Female,0.0,0.0,414.4,6.91,44.0,386.0,0.016,0.821,3.05,3.25,0.2,15.0,0.041,0,6.5-7h,05:26
335,3,University of Washington,Spring 2019,uw2,Female,0.0,0.0,357.2,5.95,31.8,412.2,0.0757,1.0,2.822,2.68,-0.142,14.0,-0.48,1,5.5-6h,05:52
337,3,University of Washington,Spring 2019,uw2,Male,1.0,1.0,411.6,6.86,37.9,445.2,0.0895,1.0,3.455,2.97,-0.485,17.0,1.083,0,6.5-7h,06:25
338,3,University of Washington,Spring 2019,uw2,Female,0.0,0.0,412.6,6.88,13.3,356.1,0.2172,0.929,3.696,3.84,0.144,16.0,0.562,0,6.5-7h,04:56
339,3,University of Washington,Spring 2019,uw2,Female,0.0,0.0,485.1,8.09,28.6,330.1,0.052,0.964,3.702,3.79,0.088,12.0,-1.521,0,7.5h+,04:30
340,3,University of Washington,Spring 2019,uw2,Female,0.0,0.0,478.2,7.97,57.5,369.4,0.0751,0.214,2.865,3.51,0.645,16.0,0.562,0,7.5h+,05:09
347,3,University of Washington,Spring 2019,uw2,Male,0.0,0.0,418.5,6.98,35.6,327.4,0.075,1.0,3.817,3.67,-0.147,15.0,0.041,0,6.5-7h,04:27
348,3,University of Washington,Spring 2019,uw2,Female,0.0,0.0,456.0,7.6,33.7,247.1,0.1172,1.0,3.079,3.35,0.271,13.0,-1.0,0,7.5h+,03:07
351,3,University of Washington,Spring 2019,uw2,Female,0.0,0.0,432.9,7.22,42.2,415.7,0.0711,1.0,3.405,3.04,-0.365,12.0,-1.521,0,7-7.5h,05:56
352,3,University of Washington,Spring 2019,uw2,Female,0.0,1.0,402.1,6.7,53.9,544.1,0.1108,0.893,3.689,3.89,0.201,14.0,-0.48,0,6.5-7h,08:04
353,3,University of Washington,Spring 2019,uw2,Male,0.0,0.0,401.9,6.7,44.0,372.1,0.1112,0.893,2.828,3.0,0.172,9.0,-3.083,0,6.5-7h,05:12
354,3,University of Washington,Spring 2019,uw2,Female,0.0,0.0,371.2,6.19,51.3,294.2,0.1252,0.964,3.823,3.95,0.127,18.0,1.603,0,6-6.5h,03:54
355,3,University of Washington,Spring 2019,uw2,Female,0.0,0.0,323.4,5.39,23.5,340.6,0.0185,1.0,3.57,3.63,0.06,16.0,0.562,1,<5.5h,04:41
356,3,University of Washington,Spring 2019,uw2,Female,0.0,0.0,428.2,7.14,33.8,292.1,0.0378,1.0,3.726,3.59,-0.136,18.0,1.603,0,7-7.5h,03:52
357,3,University of Washington,Spring 2019,uw2,Female,1.0,0.0,445.6,7.43,31.2,258.6,0.0122,1.0,3.16,3.53,0.37,15.0,0.041,0,7-7.5h,03:19
360,3,University of Washington,Spring 2019,uw2,Female,0.0,0.0,349.4,5.82,64.9,423.5,1.1737,1.0,2.98,3.07,0.09,15.0,0.041,1,5.5-6h,06:04
363,3,University of Washington,Spring 2019,uw2,Female,0.0,0.0,435.6,7.26,35.6,308.6,0.1808,0.5,3.775,3.7,-0.075,15.0,0.041,0,7-7.5h,04:09
364,3,University of Washington,Spring 2019,uw2,Female,0.0,0.0,449.4,7.49,49.8,315.5,0.2594,0.786,3.501,3.47,-0.031,16.0,0.562,0,7-7.5h,04:16
365,3,University of Washington,Spring 2019,uw2,Female,0.0,0.0,387.9,6.47,79.4,456.5,0.5066,1.0,2.947,3.33,0.383,17.0,1.083,0,6-6.5h,06:36
366,3,University of Washington,Spring 2019,uw2,Female,0.0,1.0,486.6,8.11,64.9,328.4,0.0834,0.786,3.098,3.3,0.202,15.0,0.041,0,7.5h+,04:28
369,3,University of Washington,Spring 2019,uw2,Female,0.0,0.0,437.2,7.29,27.4,347.6,0.0394,0.964,3.803,3.76,-0.043,18.0,1.603,0,7-7.5h,04:48
370,3,University of Washington,Spring 2019,uw2,Male,0.0,0.0,366.4,6.11,71.1,380.7,0.1319,0.929,3.315,3.9,0.585,16.0,0.562,0,6-6.5h,05:21
372,3,University of Washington,Spring 2019,uw2,Male,0.0,0.0,466.6,7.78,59.6,275.1,0.214,0.786,3.428,3.28,-0.148,13.0,-1.0,0,7.5h+,03:35
373,3,University of Washington,Spring 2019,uw2,Female,0.0,0.0,409.5,6.82,36.8,308.4,0.061,0.964,3.155,3.41,0.255,13.0,-1.0,0,6.5-7h,04:08
374,3,University of Washington,Spring 2019,uw2,Male,0.0,0.0,533.2,8.89,10.4,291.5,0.0263,1.0,3.938,3.8,-0.138,15.0,0.041,0,7.5h+,03:52
376,3,University of Washington,Spring 2019,uw2,Male,0.0,0.0,363.3,6.05,70.2,341.4,0.0447,1.0,3.267,3.84,0.573,15.0,0.041,0,6-6.5h,04:41
378,3,University of Washington,Spring 2019,uw2,Female,0.0,0.0,456.0,7.6,39.8,307.1,0.0526,0.964,3.88,3.78,-0.1,13.0,-1.0,0,7.5h+,04:07
380,3,University of Washington,Spring 2019,uw2,Female,0.0,0.0,412.8,6.88,30.2,322.1,0.1857,0.929,3.26,3.23,-0.03,15.0,0.041,0,6.5-7h,04:22
385,3,University of Washington,Spring 2019,uw2,Male,0.0,0.0,497.9,8.3,22.3,434.0,0.1549,0.964,3.33,3.59,0.26,14.0,-0.48,0,7.5h+,06:14
386,3,University of Washington,Spring 2019,uw2,Female,0.0,0.0,372.3,6.2,53.4,372.3,0.0723,0.25,3.917,4.0,0.083,18.0,1.603,0,6-6.5h,05:12
388,3,University of Washington,Spring 2019,uw2,Male,0.0,0.0,402.3,6.71,44.1,356.3,0.0361,1.0,3.759,3.43,-0.329,15.0,0.041,0,6.5-7h,04:56
390,3,University of Washington,Spring 2019,uw2,Male,0.0,0.0,433.3,7.22,42.1,493.0,3.4332,0.893,2.498,3.83,1.332,13.0,-1.0,0,7-7.5h,07:13
391,3,University of Washington,Spring 2019,uw2,Male,0.0,0.0,401.0,6.68,32.6,340.7,0.0536,0.964,3.788,3.91,0.122,16.0,0.562,0,6.5-7h,04:41
392,3,University of Washington,Spring 2019,uw2,Male,0.0,0.0,359.4,5.99,57.3,395.4,0.0519,1.0,3.721,3.77,0.049,18.0,1.603,1,5.5-6h,05:35
394,3,University of Washington,Spring 2019,uw2,Female,0.0,0.0,462.4,7.71,25.2,299.8,0.0713,1.0,3.71,3.45,-0.26,12.0,-1.521,0,7.5h+,04:00
398,3,University of Washington,Spring 2019,uw2,Male,1.0,0.0,446.2,7.44,84.8,364.6,0.1876,1.0,3.13,3.0,-0.13,15.0,0.041,0,7-7.5h,05:05
399,3,University of Washington,Spring 2019,uw2,Female,0.0,1.0,433.1,7.22,56.6,460.9,0.0534,0.964,3.731,3.95,0.219,13.0,-1.0,0,7-7.5h,06:41
400,3,University of Washington,Spring 2019,uw2,Male,1.0,1.0,421.8,7.03,35.7,441.2,0.5668,1.0,3.042,3.53,0.487,15.0,0.041,0,7-7.5h,06:21
401,3,University of Washington,Spring 2019,uw2,Female,0.0,0.0,436.9,7.28,50.2,413.4,0.0473,1.0,3.57,3.49,-0.08,14.0,-0.48,0,7-7.5h,05:53
403,3,University of Washington,Spring 2019,uw2,Male,0.0,0.0,508.9,8.48,15.4,269.1,0.0559,0.929,3.546,3.46,-0.086,17.0,1.083,0,7.5h+,03:29
404,3,University of Washington,Spring 2019,uw2,Male,0.0,0.0,336.4,5.61,110.6,434.7,0.8479,0.964,2.539,1.96,-0.579,12.0,-1.521,1,5.5-6h,06:15
405,3,University of Washington,Spring 2019,uw2,Female,0.0,0.0,388.9,6.48,37.8,345.0,0.116,1.0,3.241,3.59,0.349,14.0,-0.48,0,6-6.5h,04:45
406,3,University of Washington,Spring 2019,uw2,Male,1.0,0.0,395.4,6.59,34.7,374.0,0.1629,1.0,3.7,3.32,-0.38,18.0,1.603,0,6.5-7h,05:14
407,3,University of Washington,Spring 2019,uw2,Female,0.0,0.0,428.9,7.15,50.4,404.1,0.1872,0.607,3.666,3.7,0.034,15.0,0.041,0,7-7.5h,05:44
411,3,University of Washington,Spring 2019,uw2,Male,0.0,1.0,336.4,5.61,33.2,380.6,0.1741,1.0,3.03,2.0,-1.03,16.0,0.562,1,5.5-6h,05:21
413,3,University of Washington,Spring 2019,uw2,Female,0.0,0.0,378.9,6.32,31.0,463.6,0.7793,0.821,3.32,3.13,-0.19,14.0,-0.48,0,6-6.5h,06:44
415,3,University of Washington,Spring 2019,uw2,Male,1.0,1.0,360.8,6.01,51.6,375.0,0.1029,1.0,2.206,2.54,0.334,17.0,1.083,0,6-6.5h,05:15
418,3,University of Washington,Spring 2019,uw2,Female,0.0,0.0,396.6,6.61,35.4,407.9,0.1087,0.607,3.78,3.8,0.02,17.0,1.083,0,6.5-7h,05:48
420,3,University of Washington,Spring 2019,uw2,Female,1.0,0.0,336.0,5.6,57.9,328.2,0.0667,0.857,3.157,2.9,-0.257,12.0,-1.521,1,5.5-6h,04:28
421,3,University of Washington,Spring 2019,uw2,Female,1.0,0.0,416.2,6.94,28.3,342.1,0.0726,1.0,3.201,3.62,0.419,18.0,1.603,0,6.5-7h,04:42
422,3,University of Washington,Spring 2019,uw2,Female,0.0,1.0,478.5,7.98,61.2,429.1,0.1368,0.893,2.831,3.08,0.249,18.0,1.603,0,7.5h+,06:09
424,3,University of Washington,Spring 2019,uw2,,0.0,0.0,480.6,8.01,23.8,327.5,0.0964,1.0,3.141,2.8,-0.341,15.0,0.041,0,7.5h+,04:28
427,3,University of Washington,Spring 2019,uw2,Male,0.0,0.0,194.8,3.25,292.3,330.1,0.7336,0.821,2.947,1.07,-1.877,15.0,0.041,1,<5.5h,04:30
432,3,University of Washington,Spring 2019,uw2,Male,0.0,0.0,371.6,6.19,25.4,442.0,1.1223,0.5,3.252,3.93,0.678,15.0,0.041,0,6-6.5h,06:22
433,3,University of Washington,Spring 2019,uw2,Female,1.0,0.0,438.9,7.31,24.8,379.2,0.1146,1.0,3.534,3.72,0.186,14.0,-0.48,0,7-7.5h,05:19
434,3,University of Washington,Spring 2019,uw2,Male,1.0,0.0,438.0,7.3,25.9,402.2,0.4073,0.321,3.563,4.0,0.437,15.0,0.041,0,7-7.5h,05:42
435,3,University of Washington,Spring 2019,uw2,Female,0.0,0.0,417.2,6.95,42.1,457.8,0.0883,0.929,3.315,3.53,0.215,15.0,0.041,0,6.5-7h,06:38
439,3,University of Washington,Spring 2019,uw2,Female,0.0,0.0,370.7,6.18,16.8,367.6,0.058,1.0,3.654,3.3,-0.354,14.0,-0.48,0,6-6.5h,05:08
440,3,University of Washington,Spring 2019,uw2,Male,1.0,0.0,438.5,7.31,30.2,313.7,0.0171,1.0,3.818,3.63,-0.188,15.0,0.041,0,7-7.5h,04:14
442,3,University of Washington,Spring 2019,uw2,Male,0.0,0.0,387.5,6.46,33.1,338.2,0.0234,1.0,3.673,4.0,0.327,15.0,0.041,0,6-6.5h,04:38
443,3,University of Washington,Spring 2019,uw2,Male,1.0,1.0,383.7,6.4,53.9,383.4,0.0397,1.0,2.961,3.45,0.489,13.0,-1.0,0,6-6.5h,05:23
445,3,University of Washington,Spring 2019,uw2,Male,0.0,0.0,397.2,6.62,68.5,360.4,0.0535,1.0,3.348,3.71,0.362,17.0,1.083,0,6.5-7h,05:00
448,3,University of Washington,Spring 2019,uw2,Female,0.0,0.0,417.9,6.96,51.0,514.0,0.5772,0.929,4.0,3.97,-0.03,14.0,-0.48,0,6.5-7h,07:34
454,3,University of Washington,Spring 2019,uw2,Female,0.0,0.0,365.0,6.08,47.4,374.2,0.1579,1.0,3.25,3.27,0.02,15.0,0.041,0,6-6.5h,05:14
455,3,University of Washington,Spring 2019,uw2,Female,1.0,0.0,373.6,6.23,73.4,368.7,0.1149,0.893,2.606,2.57,-0.036,15.0,0.041,0,6-6.5h,05:09
456,3,University of Washington,Spring 2019,uw2,Male,0.0,0.0,467.0,7.78,11.9,312.5,0.0391,1.0,3.925,4.0,0.075,16.0,0.562,0,7.5h+,04:12
457,3,University of Washington,Spring 2019,uw2,Female,1.0,0.0,420.9,7.02,37.0,336.0,0.0512,0.857,3.482,3.33,-0.152,16.0,0.562,0,7-7.5h,04:36
458,3,University of Washington,Spring 2019,uw2,Female,0.0,0.0,452.0,7.53,64.3,352.4,0.2783,0.964,3.215,2.99,-0.225,18.0,1.603,0,7.5h+,04:52
465,3,University of Washington,Spring 2019,uw2,Female,0.0,1.0,432.9,7.22,28.2,420.3,0.126,0.929,3.39,3.37,-0.02,16.0,0.562,0,7-7.5h,06:00
466,3,University of Washington,Spring 2019,uw2,Female,1.0,1.0,385.0,6.42,11.4,314.8,0.0302,1.0,3.802,3.85,0.048,18.0,1.603,0,6-6.5h,04:15
467,3,University of Washington,Spring 2019,uw2,Male,1.0,1.0,438.6,7.31,23.7,266.8,0.0188,1.0,3.728,3.5,-0.228,16.0,0.562,0,7-7.5h,03:27
469,3,University of Washington,Spring 2019,uw2,Female,0.0,0.0,388.7,6.48,37.1,360.0,0.0686,0.964,3.959,3.94,-0.019,14.0,-0.48,0,6-6.5h,05:00
470,3,University of Washington,Spring 2019,uw2,Female,1.0,0.0,405.2,6.75,31.6,392.3,0.6326,0.786,2.986,1.55,-1.436,11.0,-2.042,0,6.5-7h,05:32
471,3,University of Washington,Spring 2019,uw2,Female,1.0,1.0,402.6,6.71,73.3,384.9,0.08,0.893,3.8,3.25,-0.55,13.0,-1.0,0,6.5-7h,05:25
472,3,University of Washington,Spring 2019,uw2,Male,1.0,1.0,404.4,6.74,61.1,332.1,0.1362,1.0,2.996,1.8,-1.196,12.0,-1.521,0,6.5-7h,04:32
473,3,University of Washington,Spring 2019,uw2,Female,1.0,1.0,410.1,6.84,50.4,280.5,0.124,0.964,3.663,3.35,-0.313,13.0,-1.0,0,6.5-7h,03:40
474,3,University of Washington,Spring 2019,uw2,Male,0.0,1.0,350.8,5.85,117.0,494.2,0.7539,0.964,3.092,2.26,-0.832,8.0,-3.604,1,5.5-6h,07:14
481,3,University of Washington,Spring 2019,uw2,Male,1.0,0.0,425.8,7.1,29.8,350.6,0.1898,1.0,3.735,3.4,-0.335,13.0,-1.0,0,7-7.5h,04:51
485,3,University of Washington,Spring 2019,uw2,Female,0.0,0.0,367.4,6.12,70.9,344.1,0.2994,0.321,2.9,3.0,0.1,15.0,0.041,0,6-6.5h,04:44
488,3,University of Washington,Spring 2019,uw2,Male,1.0,1.0,357.3,5.96,18.2,402.0,0.3765,0.321,3.149,2.5,-0.649,17.0,1.083,1,5.5-6h,05:42
489,3,University of Washington,Spring 2019,uw2,Male,0.0,0.0,466.3,7.77,19.9,327.1,0.0578,0.964,3.46,3.37,-0.09,13.0,-1.0,0,7.5h+,04:27
490,3,University of Washington,Spring 2019,uw2,Female,0.0,0.0,459.6,7.66,31.6,352.7,0.1119,1.0,2.998,3.4,0.402,15.0,0.041,0,7.5h+,04:53
491,3,University of Washington,Spring 2019,uw2,Male,0.0,1.0,337.5,5.62,21.8,448.0,0.3415,0.571,3.409,3.11,-0.299,17.0,1.083,1,5.5-6h,06:28
494,3,University of Washington,Spring 2019,uw2,Female,0.0,0.0,411.5,6.86,35.1,440.8,0.1034,0.857,3.724,3.86,0.136,18.0,1.603,0,6.5-7h,06:21
496,3,University of Washington,Spring 2019,uw2,Male,1.0,1.0,507.1,8.45,19.8,322.1,0.0218,0.714,3.708,3.1,-0.607,15.0,0.041,0,7.5h+,04:22
499,3,University of Washington,Spring 2019,uw2,Female,0.0,1.0,413.5,6.89,38.4,441.0,0.1269,0.893,3.946,3.93,-0.016,15.0,0.041,0,6.5-7h,06:21
500,3,University of Washington,Spring 2019,uw2,Male,1.0,1.0,447.6,7.46,44.2,400.0,0.1997,0.893,3.414,3.47,0.056,15.0,0.041,0,7-7.5h,05:40
502,3,University of Washington,Spring 2019,uw2,Male,0.0,1.0,463.1,7.72,37.6,386.2,0.13,0.714,3.3,2.87,-0.43,15.0,0.041,0,7.5h+,05:26
503,3,University of Washington,Spring 2019,uw2,Female,0.0,0.0,402.9,6.72,38.0,305.5,0.1332,0.964,3.492,2.94,-0.552,14.0,-0.48,0,6.5-7h,04:06
504,3,University of Washington,Spring 2019,uw2,Female,1.0,1.0,335.6,5.59,41.4,377.9,1.2016,0.964,2.851,2.97,0.119,16.0,0.562,1,5.5-6h,05:18
505,3,University of Washington,Spring 2019,uw2,Male,0.0,0.0,461.1,7.68,20.0,296.6,0.107,1.0,4.0,4.0,0.0,14.0,-0.48,0,7.5h+,03:57
506,3,University of Washington,Spring 2019,uw2,Female,0.0,0.0,352.8,5.88,79.1,419.3,0.5716,0.964,3.657,3.3,-0.357,13.0,-1.0,1,5.5-6h,05:59
509,3,University of Washington,Spring 2019,uw2,Female,0.0,0.0,349.6,5.83,100.3,354.9,0.1481,1.0,3.635,3.83,0.195,18.0,1.603,1,5.5-6h,04:55
510,3,University of Washington,Spring 2019,uw2,Female,0.0,0.0,368.2,6.14,36.2,351.4,0.0375,0.786,2.83,2.67,-0.16,15.0,0.041,0,6-6.5h,04:51
511,3,University of Washington,Spring 2019,uw2,Female,0.0,0.0,410.6,6.84,18.9,400.6,0.2043,0.75,3.863,3.8,-0.063,15.0,0.041,0,6.5-7h,05:41
512,3,University of Washington,Spring 2019,uw2,Male,0.0,0.0,436.2,7.27,20.8,319.5,0.0293,0.714,3.296,3.33,0.034,18.0,1.603,0,7-7.5h,04:20
513,3,University of Washington,Spring 2019,uw2,Female,0.0,0.0,449.6,7.49,15.6,351.4,0.0446,0.893,3.611,3.09,-0.521,14.0,-0.48,0,7-7.5h,04:51
516,3,University of Washington,Spring 2019,uw2,Male,0.0,0.0,451.1,7.52,29.8,306.2,0.0593,1.0,3.626,3.54,-0.086,17.0,1.083,0,7.5h+,04:06
517,3,University of Washington,Spring 2019,uw2,Female,1.0,0.0,511.8,8.53,32.1,392.3,0.0233,0.893,3.24,2.8,-0.44,13.0,-1.0,0,7.5h+,05:32
521,3,University of Washington,Spring 2019,uw2,Male,1.0,0.0,386.2,6.44,47.8,337.9,0.1725,0.714,3.456,3.15,-0.306,13.0,-1.0,0,6-6.5h,04:38
523,3,University of Washington,Spring 2019,uw2,Female,0.0,0.0,392.8,6.55,46.3,285.7,0.2217,1.0,3.385,2.77,-0.615,14.0,-0.48,0,6.5-7h,03:46
524,3,University of Washington,Spring 2019,uw2,Male,0.0,0.0,391.9,6.53,40.8,375.8,0.1503,1.0,3.876,3.87,-0.006,14.0,-0.48,0,6.5-7h,05:16
525,3,University of Washington,Spring 2019,uw2,Male,0.0,0.0,335.3,5.59,83.4,528.3,0.6334,0.964,1.588,0.35,-1.238,10.0,-2.562,1,5.5-6h,07:48
526,3,University of Washington,Spring 2019,uw2,Female,1.0,0.0,409.8,6.83,30.0,407.5,0.0195,1.0,3.26,3.52,0.26,13.0,-1.0,0,6.5-7h,05:48
534,3,University of Washington,Spring 2019,uw2,Female,0.0,0.0,393.4,6.56,34.5,364.2,0.0691,0.929,3.053,3.0,-0.053,15.0,0.041,0,6.5-7h,05:04
535,3,University of Washington,Spring 2019,uw2,Male,1.0,0.0,384.6,6.41,59.0,341.9,0.1217,0.893,3.075,2.46,-0.615,15.0,0.041,0,6-6.5h,04:42
538,3,University of Washington,Spring 2019,uw2,Male,2.0,0.0,403.0,6.72,23.4,294.8,0.0324,1.0,3.553,3.27,-0.283,18.0,1.603,0,6.5-7h,03:55
541,3,University of Washington,Spring 2019,uw2,Female,0.0,0.0,382.8,6.38,48.4,504.3,0.3584,1.0,3.154,3.28,0.126,12.0,-1.521,0,6-6.5h,07:24
542,3,University of Washington,Spring 2019,uw2,Male,0.0,1.0,426.5,7.11,67.3,468.2,0.0672,1.0,3.165,3.33,0.165,16.0,0.562,0,7-7.5h,06:48
543,3,University of Washington,Spring 2019,uw2,Male,1.0,0.0,417.2,6.95,70.6,361.1,0.1523,1.0,2.617,3.35,0.733,17.0,1.083,0,6.5-7h,05:01
544,3,University of Washington,Spring 2019,uw2,Male,0.0,0.0,452.6,7.54,93.4,400.4,0.0901,0.893,3.224,3.5,0.276,15.0,0.041,0,7.5h+,05:40
546,3,University of Washington,Spring 2019,uw2,Male,0.0,0.0,414.6,6.91,34.7,348.6,0.0559,0.929,3.671,3.62,-0.051,15.0,0.041,0,6.5-7h,04:49
547,3,University of Washington,Spring 2019,uw2,Female,0.0,0.0,369.3,6.15,37.2,322.3,0.102,0.929,3.139,3.14,0.001,14.0,-0.48,0,6-6.5h,04:22
549,3,University of Washington,Spring 2019,uw2,Male,0.0,1.0,403.4,6.72,64.0,337.4,0.1748,0.964,3.324,3.46,0.136,14.0,-0.48,0,6.5-7h,04:37
550,3,University of Washington,Spring 2019,uw2,Male,0.0,0.0,399.1,6.65,47.8,366.7,0.1233,1.0,3.553,3.54,-0.013,13.0,-1.0,0,6.5-7h,05:07
551,3,University of Washington,Spring 2019,uw2,Female,1.0,0.0,414.8,6.91,70.1,426.8,0.9403,0.929,3.427,3.37,-0.057,15.0,0.041,0,6.5-7h,06:07
552,3,University of Washington,Spring 2019,uw2,Male,0.0,0.0,429.2,7.15,45.6,405.1,0.1437,0.929,3.714,3.19,-0.524,13.0,-1.0,0,7-7.5h,05:45
557,3,University of Washington,Spring 2019,uw2,Female,0.0,1.0,391.9,6.53,45.6,368.1,0.2938,0.964,2.799,2.86,0.061,16.0,0.562,0,6.5-7h,05:08
559,3,University of Washington,Spring 2019,uw2,Female,0.0,0.0,399.1,6.65,51.7,446.2,0.0936,1.0,3.681,3.17,-0.511,15.0,0.041,0,6.5-7h,06:26
560,3,University of Washington,Spring 2019,uw2,Male,1.0,1.0,509.3,8.49,33.5,405.2,0.0515,1.0,3.156,3.47,0.314,16.0,0.562,0,7.5h+,05:45
561,3,University of Washington,Spring 2019,uw2,Male,0.0,0.0,445.3,7.42,25.2,382.6,0.1686,0.929,3.535,2.97,-0.565,15.0,0.041,0,7-7.5h,05:23
562,3,University of Washington,Spring 2019,uw2,Female,0.0,0.0,298.3,4.97,6.6,584.7,10.5954,0.321,3.88,3.52,-0.36,18.0,1.603,1,<5.5h,08:45
564,3,University of Washington,Spring 2019,uw2,Female,0.0,1.0,407.4,6.79,49.1,415.0,0.0486,0.929,3.601,3.63,0.029,16.0,0.562,0,6.5-7h,05:55
567,3,University of Washington,Spring 2019,uw2,Female,0.0,1.0,436.3,7.27,24.1,433.8,0.1573,0.786,3.948,3.91,-0.038,18.0,1.603,0,7-7.5h,06:14
569,3,University of Washington,Spring 2019,uw2,Male,0.0,0.0,388.0,6.47,41.1,321.6,0.0574,0.357,3.162,3.71,0.547,19.0,2.124,0,6-6.5h,04:22
570,3,University of Washington,Spring 2019,uw2,Female,0.0,0.0,403.5,6.72,35.5,427.4,0.0521,0.964,3.364,3.01,-0.354,15.0,0.041,0,6.5-7h,06:07
571,3,University of Washington,Spring 2019,uw2,Female,0.0,0.0,435.3,7.26,40.4,427.1,0.1286,0.929,3.625,3.49,-0.135,13.0,-1.0,0,7-7.5h,06:07
10237,4,University of Notre Dame,Spring 2016,nh,Female,0.0,0.0,427.9,7.13,57.0,309.6,0.0596,0.933,3.111,3.333,0.222,,,0,7-7.5h,04:10
11002,4,University of Notre Dame,Spring 2016,nh,Male,0.0,0.0,371.6,6.19,29.8,409.0,0.1929,0.967,3.905,3.952,0.048,,,0,6-6.5h,05:49
13486,4,University of Notre Dame,Spring 2016,nh,Male,0.0,0.0,402.0,6.7,76.0,454.4,0.0861,1.0,3.278,3.611,0.333,,,0,6.5-7h,06:34
14279,4,University of Notre Dame,Spring 2016,nh,Female,0.0,0.0,427.3,7.12,48.3,337.9,0.0764,1.0,3.778,3.722,-0.056,,,0,7-7.5h,04:38
14571,4,University of Notre Dame,Spring 2016,nh,Male,0.0,1.0,440.2,7.34,30.8,383.4,0.1366,0.933,3.333,3.334,0.0,,,0,7-7.5h,05:23
14737,4,University of Notre Dame,Spring 2016,nh,Male,0.0,0.0,306.0,5.1,49.3,460.1,0.2224,0.867,3.667,3.778,0.111,,,1,<5.5h,06:40
14847,4,University of Notre Dame,Spring 2016,nh,Female,1.0,0.0,456.6,7.61,51.0,385.4,0.1318,1.0,3.333,3.667,0.334,,,0,7.5h+,05:25
15134,4,University of Notre Dame,Spring 2016,nh,Female,0.0,0.0,351.0,5.85,54.4,362.0,0.1596,0.667,3.667,3.556,-0.111,,,1,5.5-6h,05:02
17020,4,University of Notre Dame,Spring 2016,nh,Male,1.0,1.0,429.6,7.16,59.7,425.3,0.2094,0.933,3.167,3.5,0.333,,,0,7-7.5h,06:05
17308,4,University of Notre Dame,Spring 2016,nh,Female,0.0,1.0,412.5,6.88,21.6,353.0,0.0622,1.0,3.762,3.714,-0.047,,,0,6.5-7h,04:53
17932,4,University of Notre Dame,Spring 2016,nh,Male,0.0,0.0,415.4,6.92,36.1,417.1,0.1272,0.833,3.833,3.833,0.0,,,0,6.5-7h,05:57
18707,4,University of Notre Dame,Spring 2016,nh,Female,1.0,0.0,419.9,7.0,57.0,310.9,0.0523,1.0,2.933,3.278,0.344,,,0,7-7.5h,04:11
19245,4,University of Notre Dame,Spring 2016,nh,Male,0.0,0.0,279.2,4.65,122.8,471.6,0.7389,0.967,3.778,3.944,0.167,,,1,<5.5h,06:52
19735,4,University of Notre Dame,Spring 2016,nh,Male,0.0,1.0,381.8,6.36,64.9,372.6,0.1164,1.0,3.556,3.733,0.178,,,0,6-6.5h,05:13
21090,4,University of Notre Dame,Spring 2016,nh,Female,0.0,0.0,425.1,7.09,11.7,396.2,0.1993,0.967,3.944,3.944,0.0,,,0,7-7.5h,05:36
21887,4,University of Notre Dame,Spring 2016,nh,Male,0.0,0.0,460.7,7.68,72.2,448.1,0.0809,0.967,3.611,3.944,0.333,,,0,7.5h+,06:28
21932,4,University of Notre Dame,Spring 2016,nh,Male,0.0,0.0,357.4,5.96,127.9,394.4,0.178,1.0,3.944,4.0,0.055,,,1,5.5-6h,05:34
22138,4,University of Notre Dame,Spring 2016,nh,Male,0.0,0.0,427.8,7.13,34.5,337.1,0.1616,1.0,3.667,3.917,0.25,,,0,7-7.5h,04:37
22408,4,University of Notre Dame,Spring 2016,nh,Male,0.0,0.0,383.9,6.4,18.4,402.6,0.0239,0.867,3.778,3.889,0.111,,,0,6-6.5h,05:43
22688,4,University of Notre Dame,Spring 2016,nh,Male,0.0,0.0,393.5,6.56,68.4,346.3,0.1196,1.0,3.889,3.944,0.056,,,0,6.5-7h,04:46
22842,4,University of Notre Dame,Spring 2016,nh,Male,0.0,0.0,405.3,6.76,97.4,463.2,0.1893,1.0,3.333,2.833,-0.5,,,0,6.5-7h,06:43
23270,4,University of Notre Dame,Spring 2016,nh,Female,0.0,0.0,449.0,7.48,18.7,305.3,0.063,0.967,3.944,3.905,-0.04,,,0,7-7.5h,04:05
23518,4,University of Notre Dame,Spring 2016,nh,Female,0.0,0.0,372.1,6.2,40.1,457.9,0.1862,0.833,3.134,3.444,0.311,,,0,6-6.5h,06:38
24883,4,University of Notre Dame,Spring 2016,nh,Male,0.0,0.0,399.7,6.66,38.7,404.8,0.1115,0.967,4.0,3.889,-0.111,,,0,6.5-7h,05:45
25197,4,University of Notre Dame,Spring 2016,nh,Male,0.0,0.0,378.0,6.3,13.8,383.8,0.1192,1.0,3.944,3.889,-0.056,,,0,6-6.5h,05:24
25548,4,University of Notre Dame,Spring 2016,nh,Male,0.0,0.0,426.0,7.1,35.9,351.1,0.0552,0.967,3.944,3.889,-0.056,,,0,7-7.5h,04:51
26272,4,University of Notre Dame,Spring 2016,nh,Female,0.0,0.0,304.0,5.07,49.2,544.1,1.0208,0.8,3.905,3.476,-0.429,,,1,<5.5h,08:04
26320,4,University of Notre Dame,Spring 2016,nh,Female,0.0,0.0,382.4,6.37,50.7,405.1,0.0963,1.0,3.444,3.778,0.333,,,0,6-6.5h,05:45
26858,4,University of Notre Dame,Spring 2016,nh,Female,0.0,0.0,397.8,6.63,25.6,318.3,0.0238,1.0,3.5,3.667,0.167,,,0,6.5-7h,04:18
27306,4,University of Notre Dame,Spring 2016,nh,Female,0.0,0.0,374.1,6.24,44.8,394.1,0.2159,0.633,3.067,3.467,0.4,,,0,6-6.5h,05:34
28327,4,University of Notre Dame,Spring 2016,nh,Female,0.0,0.0,332.7,5.54,39.8,465.2,0.7882,0.8,3.833,3.667,-0.167,,,1,5.5-6h,06:45
28653,4,University of Notre Dame,Spring 2016,nh,Male,0.0,0.0,413.6,6.89,54.4,341.4,0.1354,0.967,3.889,3.722,-0.167,,,0,6.5-7h,04:41
29257,4,University of Notre Dame,Spring 2016,nh,Male,0.0,1.0,369.9,6.17,18.6,402.7,0.0867,0.967,3.619,3.81,0.19,,,0,6-6.5h,05:43
29885,4,University of Notre Dame,Spring 2016,nh,Male,0.0,0.0,393.4,6.56,29.9,361.3,0.0444,0.967,3.111,3.5,0.389,,,0,6.5-7h,05:01
30152,4,University of Notre Dame,Spring 2016,nh,Female,0.0,0.0,324.1,5.4,64.4,482.3,0.9094,0.7,3.389,3.733,0.344,,,1,<5.5h,07:02
30453,4,University of Notre Dame,Spring 2016,nh,Female,0.0,1.0,282.6,4.71,100.9,497.1,12.2105,0.267,3.222,3.611,0.389,,,1,<5.5h,07:17
31294,4,University of Notre Dame,Spring 2016,nh,Female,0.0,0.0,411.6,6.86,7.2,349.7,0.0116,0.933,3.944,3.889,-0.056,,,0,6.5-7h,04:50
33657,4,University of Notre Dame,Spring 2016,nh,Female,0.0,1.0,353.2,5.89,82.1,353.0,0.0659,1.0,3.4,3.056,-0.345,,,1,5.5-6h,04:53
33740,4,University of Notre Dame,Spring 2016,nh,Female,0.0,1.0,419.6,6.99,86.5,497.3,1.9035,0.567,3.428,3.533,0.105,,,0,6.5-7h,07:17
33785,4,University of Notre Dame,Spring 2016,nh,Male,0.0,0.0,412.9,6.88,54.2,335.9,0.0693,0.967,3.556,3.444,-0.111,,,0,6.5-7h,04:36
34062,4,University of Notre Dame,Spring 2016,nh,Female,0.0,0.0,375.0,6.25,79.1,340.2,0.2345,0.833,3.5,3.556,0.056,,,0,6-6.5h,04:40
34467,4,University of Notre Dame,Spring 2016,nh,Female,0.0,0.0,410.8,6.85,37.8,281.7,0.1272,0.6,4.0,3.952,-0.048,,,0,6.5-7h,03:42
35344,4,University of Notre Dame,Spring 2016,nh,Female,0.0,1.0,404.4,6.74,33.6,340.6,0.1258,0.967,4.0,3.833,-0.167,,,0,6.5-7h,04:41
35416,4,University of Notre Dame,Spring 2016,nh,Male,0.0,0.0,371.2,6.19,37.8,437.4,0.3616,0.867,3.722,3.167,-0.556,,,0,6-6.5h,06:17
35824,4,University of Notre Dame,Spring 2016,nh,Male,0.0,0.0,395.9,6.6,92.7,424.8,0.2255,0.967,3.389,3.5,0.111,,,0,6.5-7h,06:05
36038,4,University of Notre Dame,Spring 2016,nh,Male,0.0,1.0,369.0,6.15,49.0,322.0,0.1166,0.867,3.444,3.667,0.222,,,0,6-6.5h,04:22
36117,4,University of Notre Dame,Spring 2016,nh,Male,0.0,0.0,413.7,6.89,29.4,331.6,0.0523,0.967,3.571,3.778,0.206,,,0,6.5-7h,04:32
36501,4,University of Notre Dame,Spring 2016,nh,Male,0.0,0.0,438.9,7.31,22.9,376.3,0.049,0.833,3.556,3.611,0.056,,,0,7-7.5h,05:16
36552,4,University of Notre Dame,Spring 2016,nh,Female,0.0,0.0,389.4,6.49,32.3,350.2,0.0761,1.0,3.714,3.667,-0.048,,,0,6-6.5h,04:50
36574,4,University of Notre Dame,Spring 2016,nh,Male,0.0,0.0,483.3,8.06,26.3,400.4,0.0796,0.8,3.714,3.867,0.153,,,0,7.5h+,05:40
36875,4,University of Notre Dame,Spring 2016,nh,Female,0.0,0.0,407.2,6.79,26.6,372.9,0.6276,0.8,3.444,3.722,0.278,,,0,6.5-7h,05:13
37404,4,University of Notre Dame,Spring 2016,nh,Female,0.0,0.0,383.7,6.39,25.3,354.7,0.0937,0.733,3.833,3.833,0.0,,,0,6-6.5h,04:55
38293,4,University of Notre Dame,Spring 2016,nh,Female,0.0,0.0,341.5,5.69,22.6,394.4,0.1377,0.967,3.556,2.944,-0.611,,,1,5.5-6h,05:34
38610,4,University of Notre Dame,Spring 2016,nh,Female,0.0,0.0,379.3,6.32,28.2,375.0,0.1784,1.0,3.889,3.667,-0.222,,,0,6-6.5h,05:15
38815,4,University of Notre Dame,Spring 2016,nh,Male,0.0,0.0,333.1,5.55,75.4,373.1,0.1783,0.9,3.778,3.611,-0.167,,,1,5.5-6h,05:13
39146,4,University of Notre Dame,Spring 2016,nh,Female,0.0,0.0,422.5,7.04,6.5,339.4,0.0225,0.933,3.762,3.714,-0.047,,,0,7-7.5h,04:39
42137,4,University of Notre Dame,Spring 2016,nh,Female,0.0,0.0,359.5,5.99,40.2,338.2,0.0336,0.933,3.556,3.667,0.111,,,1,5.5-6h,04:38
43794,4,University of Notre Dame,Spring 2016,nh,Female,0.0,0.0,352.6,5.88,34.4,380.5,0.9192,0.9,3.889,3.889,0.0,,,1,5.5-6h,05:20
44872,4,University of Notre Dame,Spring 2016,nh,Female,0.0,0.0,318.1,5.3,49.4,372.9,0.2617,0.233,3.944,3.834,-0.111,,,1,<5.5h,05:13
44873,4,University of Notre Dame,Spring 2016,nh,Male,0.0,1.0,364.3,6.07,25.2,381.4,0.1407,0.967,3.333,3.778,0.445,,,0,6-6.5h,05:21
44927,4,University of Notre Dame,Spring 2016,nh,Female,0.0,1.0,384.0,6.4,16.1,374.2,0.0833,1.0,3.81,3.81,-0.0,,,0,6-6.5h,05:14
45963,4,University of Notre Dame,Spring 2016,nh,Female,0.0,1.0,377.0,6.28,27.2,368.8,0.5679,0.867,3.667,3.952,0.286,,,0,6-6.5h,05:09
46365,4,University of Notre Dame,Spring 2016,nh,Male,0.0,0.0,398.4,6.64,47.3,371.8,0.0575,0.9,4.0,4.0,0.0,,,0,6.5-7h,05:12
46418,4,University of Notre Dame,Spring 2016,nh,Male,0.0,0.0,375.7,6.26,33.5,376.5,0.143,0.633,3.667,3.875,0.208,,,0,6-6.5h,05:16
47024,4,University of Notre Dame,Spring 2016,nh,Female,0.0,0.0,390.5,6.51,48.7,428.8,0.5021,0.7,3.889,3.667,-0.222,,,0,6.5-7h,06:09
47142,4,University of Notre Dame,Spring 2016,nh,Female,0.0,0.0,407.7,6.79,55.8,335.9,0.1226,0.933,3.762,3.833,0.071,,,0,6.5-7h,04:36
47810,4,University of Notre Dame,Spring 2016,nh,Female,0.0,0.0,437.3,7.29,47.4,367.4,0.0465,0.9,3.619,3.611,-0.008,,,0,7-7.5h,05:07
48154,4,University of Notre Dame,Spring 2016,nh,Female,0.0,0.0,462.3,7.71,20.3,344.0,0.0395,0.9,3.572,3.619,0.048,,,0,7.5h+,04:44
49086,4,University of Notre Dame,Spring 2016,nh,Female,0.0,0.0,464.7,7.75,35.4,422.7,0.0924,1.0,3.778,3.889,0.111,,,0,7.5h+,06:03
49497,4,University of Notre Dame,Spring 2016,nh,Female,0.0,0.0,348.5,5.81,47.1,346.7,0.0847,0.967,3.722,3.778,0.056,,,1,5.5-6h,04:47
49539,4,University of Notre Dame,Spring 2016,nh,Male,0.0,0.0,390.8,6.51,31.6,406.6,0.1584,0.8,3.166,3.611,0.445,,,0,6.5-7h,05:47
49790,4,University of Notre Dame,Spring 2016,nh,Female,0.0,1.0,351.3,5.86,120.9,403.2,0.08,0.967,3.611,3.5,-0.111,,,1,5.5-6h,05:43
50766,4,University of Notre Dame,Spring 2016,nh,Male,0.0,0.0,415.1,6.92,48.9,390.2,0.129,0.867,3.833,4.0,0.167,,,0,6.5-7h,05:30
51437,4,University of Notre Dame,Spring 2016,nh,Female,0.0,0.0,340.8,5.68,26.3,446.1,0.2968,0.7,3.714,3.762,0.048,,,1,5.5-6h,06:26
51475,4,University of Notre Dame,Spring 2016,nh,Female,0.0,1.0,316.8,5.28,26.8,437.2,2.4655,0.467,3.667,3.778,0.111,,,1,<5.5h,06:17
51723,4,University of Notre Dame,Spring 2016,nh,Male,1.0,0.0,273.9,4.57,30.5,455.8,0.266,0.8,2.8,3.467,0.667,,,1,<5.5h,06:36
52302,4,University of Notre Dame,Spring 2016,nh,Male,0.0,1.0,430.0,7.17,44.8,469.9,0.0877,1.0,3.733,3.611,-0.122,,,0,7-7.5h,06:50
57359,4,University of Notre Dame,Spring 2016,nh,Female,0.0,1.0,446.7,7.45,77.3,320.4,0.0394,0.967,3.857,4.0,0.143,,,0,7-7.5h,04:20
57443,4,University of Notre Dame,Spring 2016,nh,Female,0.0,1.0,401.9,6.7,12.9,367.3,0.2719,0.933,3.278,3.611,0.333,,,0,6.5-7h,05:07
59097,4,University of Notre Dame,Spring 2016,nh,Male,0.0,1.0,445.4,7.42,66.6,410.6,0.0402,1.0,3.722,3.733,0.011,,,0,7-7.5h,05:51
59207,4,University of Notre Dame,Spring 2016,nh,Male,0.0,0.0,481.4,8.02,23.6,386.9,0.1663,0.933,3.389,3.556,0.167,,,0,7.5h+,05:27
62246,4,University of Notre Dame,Spring 2016,nh,Male,0.0,0.0,437.2,7.29,50.5,327.4,0.0842,1.0,3.778,3.834,0.056,,,0,7-7.5h,04:27
62617,4,University of Notre Dame,Spring 2016,nh,Female,0.0,0.0,465.0,7.75,34.0,333.2,0.0503,1.0,3.778,3.722,-0.056,,,0,7.5h+,04:33
63138,4,University of Notre Dame,Spring 2016,nh,Female,0.0,0.0,441.6,7.36,42.4,372.7,0.0753,0.967,3.944,3.917,-0.028,,,0,7-7.5h,05:13
63347,4,University of Notre Dame,Spring 2016,nh,Male,0.0,0.0,408.4,6.81,54.0,443.8,0.0927,0.967,3.952,3.905,-0.048,,,0,6.5-7h,06:24
63419,4,University of Notre Dame,Spring 2016,nh,Female,0.0,1.0,330.5,5.51,41.8,491.3,1.1291,0.9,3.292,3.333,0.042,,,1,5.5-6h,07:11
63904,4,University of Notre Dame,Spring 2016,nh,Female,0.0,0.0,336.9,5.62,16.2,323.1,0.0672,0.933,3.611,3.857,0.246,,,1,5.5-6h,04:23
64232,4,University of Notre Dame,Spring 2016,nh,Female,0.0,0.0,404.3,6.74,110.5,401.4,0.2685,0.967,3.278,3.556,0.278,,,0,6.5-7h,05:41
64296,4,University of Notre Dame,Spring 2016,nh,Male,0.0,0.0,347.9,5.8,34.1,322.5,0.0607,1.0,3.5,3.444,-0.056,,,1,5.5-6h,04:22
65656,4,University of Notre Dame,Spring 2016,nh,Male,0.0,0.0,311.6,5.19,27.4,376.4,0.1697,0.933,3.524,3.238,-0.286,,,1,<5.5h,05:16
66815,4,University of Notre Dame,Spring 2016,nh,Male,0.0,0.0,408.2,6.8,20.2,371.7,0.0518,0.967,3.944,3.833,-0.111,,,0,6.5-7h,05:12
67106,4,University of Notre Dame,Spring 2016,nh,Male,0.0,1.0,398.1,6.64,49.1,317.0,0.0721,1.0,3.889,4.0,0.111,,,0,6.5-7h,04:17
67574,4,University of Notre Dame,Spring 2016,nh,Male,0.0,0.0,358.9,5.98,32.1,369.1,0.1036,0.633,3.667,3.444,-0.222,,,1,5.5-6h,05:09
67709,4,University of Notre Dame,Spring 2016,nh,Male,0.0,1.0,405.2,6.75,34.0,504.5,1.1609,0.8,3.533,3.625,0.092,,,0,6.5-7h,07:24
67918,4,University of Notre Dame,Spring 2016,nh,Male,0.0,0.0,465.7,7.76,15.7,391.3,0.0504,1.0,3.889,3.889,-0.0,,,0,7.5h+,05:31
67993,4,University of Notre Dame,Spring 2016,nh,Female,0.0,,373.6,6.23,40.9,426.2,2.0198,0.533,3.667,3.667,0.0,,,0,6-6.5h,06:06
69057,4,University of Notre Dame,Spring 2016,nh,Male,0.0,0.0,316.8,5.28,91.3,386.4,0.2501,1.0,3.222,3.0,-0.222,,,1,<5.5h,05:26
70492,4,University of Notre Dame,Spring 2016,nh,Male,0.0,0.0,299.1,4.98,51.7,435.5,0.1043,0.9,3.444,3.556,0.111,,,1,<5.5h,06:16
71985,4,University of Notre Dame,Spring 2016,nh,Male,0.0,0.0,376.9,6.28,33.4,364.7,0.1924,0.9,3.667,3.556,-0.111,,,0,6-6.5h,05:05
72348,4,University of Notre Dame,Spring 2016,nh,Female,0.0,0.0,485.4,8.09,29.7,275.0,0.0102,1.0,3.889,3.667,-0.222,,,0,7.5h+,03:35
72806,4,University of Notre Dame,Spring 2016,nh,Female,0.0,0.0,467.7,7.79,20.5,343.4,0.0446,0.833,3.778,3.944,0.167,,,0,7.5h+,04:43
72885,4,University of Notre Dame,Spring 2016,nh,Male,1.0,0.0,356.8,5.95,45.8,414.4,0.0834,1.0,3.333,3.267,-0.067,,,1,5.5-6h,05:54
73158,4,University of Notre Dame,Spring 2016,nh,Male,0.0,1.0,415.0,6.92,38.0,287.1,0.0344,1.0,3.952,3.905,-0.048,,,0,6.5-7h,03:47
74899,4,University of Notre Dame,Spring 2016,nh,Male,0.0,0.0,334.5,5.58,19.5,365.9,0.0961,0.567,3.571,3.5,-0.071,,,1,5.5-6h,05:06
75149,4,University of Notre Dame,Spring 2016,nh,Female,0.0,0.0,300.8,5.01,133.2,518.8,1.1035,0.7,3.111,3.166,0.055,,,1,<5.5h,07:39
77036,4,University of Notre Dame,Spring 2016,nh,Female,0.0,0.0,474.8,7.91,13.6,326.1,0.023,1.0,3.334,3.2,-0.133,,,0,7.5h+,04:26
77711,4,University of Notre Dame,Spring 2016,nh,Male,0.0,0.0,427.4,7.12,24.2,398.4,0.0612,1.0,3.944,3.889,-0.056,,,0,7-7.5h,05:38
79167,4,University of Notre Dame,Spring 2016,nh,Female,0.0,0.0,390.9,6.52,63.3,352.8,0.318,0.967,3.5,3.857,0.357,,,0,6.5-7h,04:53
79352,4,University of Notre Dame,Spring 2016,nh,Female,0.0,0.0,306.3,5.11,19.6,432.7,0.1743,0.933,3.722,3.556,-0.167,,,1,<5.5h,06:13
79607,4,University of Notre Dame,Spring 2016,nh,Male,0.0,0.0,340.1,5.67,35.6,404.1,0.6452,0.9,3.833,3.905,0.071,,,1,5.5-6h,05:44
79897,4,University of Notre Dame,Spring 2016,nh,Female,1.0,0.0,384.2,6.4,52.3,369.5,0.0792,1.0,3.722,3.722,0.0,,,0,6-6.5h,05:10
80177,4,University of Notre Dame,Spring 2016,nh,Male,0.0,0.0,357.9,5.96,21.4,355.1,0.1623,0.7,3.778,3.889,0.111,,,1,5.5-6h,04:55
81807,4,University of Notre Dame,Spring 2016,nh,Male,0.0,0.0,366.7,6.11,20.1,408.2,0.0991,1.0,3.833,3.667,-0.167,,,0,6-6.5h,05:48
82986,4,University of Notre Dame,Spring 2016,nh,Female,0.0,1.0,272.6,4.54,12.6,390.1,0.1503,0.967,3.533,3.167,-0.367,,,1,<5.5h,05:30
83005,4,University of Notre Dame,Spring 2016,nh,Female,0.0,1.0,423.7,7.06,31.9,324.4,0.0807,1.0,3.834,3.944,0.111,,,0,7-7.5h,04:24
83536,4,University of Notre Dame,Spring 2016,nh,Female,0.0,1.0,452.7,7.54,16.2,369.0,0.0467,1.0,3.833,3.556,-0.278,,,0,7.5h+,05:09
83566,4,University of Notre Dame,Spring 2016,nh,Female,0.0,0.0,454.7,7.58,14.5,408.5,0.0392,1.0,3.556,3.556,-0.0,,,0,7.5h+,05:48
83612,4,University of Notre Dame,Spring 2016,nh,Female,0.0,0.0,382.7,6.38,15.6,359.0,0.4108,0.733,3.762,3.944,0.183,,,0,6-6.5h,04:59
84011,4,University of Notre Dame,Spring 2016,nh,Female,0.0,0.0,375.1,6.25,58.6,342.6,0.1025,0.967,3.857,4.0,0.143,,,0,6-6.5h,04:43
84390,4,University of Notre Dame,Spring 2016,nh,Female,,0.0,327.7,5.46,42.0,476.8,0.1321,1.0,3.278,3.222,-0.056,,,1,<5.5h,06:57
85503,4,University of Notre Dame,Spring 2016,nh,Male,0.0,0.0,349.3,5.82,43.4,393.1,0.1978,0.867,3.611,3.222,-0.389,,,1,5.5-6h,05:33
86440,4,University of Notre Dame,Spring 2016,nh,Male,0.0,0.0,368.0,6.13,20.4,384.6,0.0924,0.833,3.778,3.8,0.022,,,0,6-6.5h,05:25
87328,4,University of Notre Dame,Spring 2016,nh,Male,0.0,0.0,453.7,7.56,32.9,479.2,7.2119,0.3,3.944,3.889,-0.056,,,0,7.5h+,06:59
88185,4,University of Notre Dame,Spring 2016,nh,Female,0.0,0.0,420.9,7.02,15.2,377.5,0.0695,1.0,3.722,3.944,0.222,,,0,7-7.5h,05:18
88882,4,University of Notre Dame,Spring 2016,nh,Male,0.0,0.0,332.3,5.54,40.3,377.1,0.0316,0.967,3.944,3.944,0.0,,,1,5.5-6h,05:17
89607,4,University of Notre Dame,Spring 2016,nh,Male,0.0,0.0,325.4,5.42,34.7,477.8,0.4863,0.9,3.278,2.722,-0.555,,,1,<5.5h,06:58
89652,4,University of Notre Dame,Spring 2016,nh,Female,0.0,0.0,419.4,6.99,35.0,393.7,0.8873,0.833,3.762,3.952,0.19,,,0,6.5-7h,05:34
91551,4,University of Notre Dame,Spring 2016,nh,Male,0.0,0.0,260.6,4.34,177.5,390.7,0.1606,0.933,3.857,3.944,0.087,,,1,<5.5h,05:31
92038,4,University of Notre Dame,Spring 2016,nh,Male,0.0,0.0,420.3,7.0,58.0,425.7,0.2333,0.967,3.778,4.0,0.222,,,0,7-7.5h,06:06
92412,4,University of Notre Dame,Spring 2016,nh,Male,0.0,0.0,443.7,7.4,54.9,338.6,0.0447,1.0,4.0,4.0,0.0,,,0,7-7.5h,04:39
92515,4,University of Notre Dame,Spring 2016,nh,Male,0.0,0.0,398.8,6.65,62.7,437.4,0.1224,0.633,4.0,4.0,0.0,,,0,6.5-7h,06:17
92552,4,University of Notre Dame,Spring 2016,nh,Male,0.0,1.0,342.4,5.71,99.8,544.7,0.4888,0.7,3.5,3.133,-0.367,,,1,5.5-6h,08:05
92566,4,University of Notre Dame,Spring 2016,nh,Male,1.0,0.0,327.5,5.46,39.7,362.2,0.1613,0.9,3.667,3.81,0.143,,,1,<5.5h,05:02
93002,4,University of Notre Dame,Spring 2016,nh,Female,0.0,0.0,391.1,6.52,29.0,343.8,0.1191,0.867,3.381,3.714,0.334,,,0,6.5-7h,04:44
93485,4,University of Notre Dame,Spring 2016,nh,Male,0.0,0.0,419.3,6.99,19.8,328.4,0.0616,1.0,3.889,3.667,-0.222,,,0,6.5-7h,04:28
93699,4,University of Notre Dame,Spring 2016,nh,Female,0.0,0.0,334.6,5.58,43.7,332.2,0.0323,0.933,3.444,3.556,0.111,,,1,5.5-6h,04:32
94455,4,University of Notre Dame,Spring 2016,nh,Male,1.0,0.0,275.8,4.6,40.8,382.1,0.1003,0.867,3.056,3.333,0.278,,,1,<5.5h,05:22
94641,4,University of Notre Dame,Spring 2016,nh,Male,0.0,0.0,359.8,6.0,120.4,327.4,0.2648,0.967,3.8,3.667,-0.134,,,0,6-6.5h,04:27
95543,4,University of Notre Dame,Spring 2016,nh,Male,0.0,1.0,363.2,6.05,17.6,438.4,0.0632,1.0,3.834,3.944,0.111,,,0,6-6.5h,06:18
95559,4,University of Notre Dame,Spring 2016,nh,Male,0.0,0.0,351.5,5.86,65.5,394.5,0.1034,1.0,3.111,3.167,0.056,,,1,5.5-6h,05:34
96613,4,University of Notre Dame,Spring 2016,nh,Male,0.0,0.0,468.6,7.81,49.0,410.5,0.0157,0.933,3.667,3.667,0.0,,,0,7.5h+,05:50
97448,4,University of Notre Dame,Spring 2016,nh,Male,0.0,1.0,367.8,6.13,84.1,398.9,0.1053,0.967,3.889,3.611,-0.278,,,0,6-6.5h,05:39
97990,4,University of Notre Dame,Spring 2016,nh,Female,0.0,0.0,318.1,5.3,49.5,580.8,2.3167,0.533,3.611,3.444,-0.167,,,1,<5.5h,08:41
98462,4,University of Notre Dame,Spring 2016,nh,Male,0.0,0.0,360.8,6.01,65.4,389.4,0.2381,0.833,3.389,3.389,-0.0,,,0,6-6.5h,05:29
98700,4,University of Notre Dame,Spring 2016,nh,Female,0.0,0.0,427.6,7.13,34.5,314.5,0.1279,0.967,3.834,3.722,-0.111,,,0,7-7.5h,04:14
99733,4,University of Notre Dame,Spring 2016,nh,Female,0.0,0.0,324.3,5.41,41.6,344.8,0.2854,0.9,3.334,3.222,-0.111,,,1,<5.5h,04:45
99978,4,University of Notre Dame,Spring 2016,nh,Male,0.0,1.0,383.4,6.39,44.3,407.9,0.0913,0.967,3.722,3.611,-0.111,,,0,6-6.5h,05:48
102,5,Carnegie Mellon University,Spring 2017,lac1,Female,1.0,1.0,392.6,6.54,54.6,416.5,0.1301,1.0,3.61,3.56,-0.05,61.0,1.958,0,6.5-7h,05:56
104,5,Carnegie Mellon University,Spring 2017,lac1,Female,0.0,0.0,377.6,6.29,49.4,439.3,0.1425,0.793,3.21,3.3,0.09,49.0,-0.139,0,6-6.5h,06:19
109,5,Carnegie Mellon University,Spring 2017,lac1,Female,0.0,0.0,422.8,7.05,8.9,415.7,0.069,1.0,3.09,2.6,-0.49,48.0,-0.313,0,7-7.5h,05:56
110,5,Carnegie Mellon University,Spring 2017,lac1,Male,0.0,0.0,392.2,6.54,23.3,387.1,0.1505,1.0,4.0,4.0,0.0,40.0,-1.711,0,6.5-7h,05:27
116,5,Carnegie Mellon University,Spring 2017,lac1,Male,0.0,0.0,389.4,6.49,23.8,441.0,1.179,0.897,2.82,3.2,0.38,48.0,-0.313,0,6-6.5h,06:21
119,5,Carnegie Mellon University,Spring 2017,lac1,Female,0.0,1.0,465.4,7.76,15.3,315.3,0.0751,1.0,2.7,1.97,-0.73,43.0,-1.187,0,7.5h+,04:15
120,5,Carnegie Mellon University,Spring 2017,lac1,Male,0.0,0.0,445.6,7.43,22.3,316.5,0.1511,0.966,3.8,4.0,0.2,48.0,-0.313,0,7-7.5h,04:16
123,5,Carnegie Mellon University,Spring 2017,lac1,Male,0.0,0.0,439.9,7.33,13.4,321.7,0.0206,1.0,3.46,4.0,0.54,51.0,0.211,0,7-7.5h,04:22
124,5,Carnegie Mellon University,Spring 2017,lac1,Male,0.0,1.0,444.9,7.42,30.5,347.4,0.0751,0.793,4.0,4.0,0.0,41.0,-1.537,0,7-7.5h,04:47
125,5,Carnegie Mellon University,Spring 2017,lac1,Male,1.0,0.0,366.8,6.11,10.2,431.7,0.2469,1.0,3.0,3.2,0.2,57.0,1.259,0,6-6.5h,06:12
129,5,Carnegie Mellon University,Spring 2017,lac1,Female,0.0,0.0,411.3,6.86,18.7,373.1,0.0901,1.0,4.0,3.4,-0.6,52.0,0.386,0,6.5-7h,05:13
130,5,Carnegie Mellon University,Spring 2017,lac1,Female,0.0,0.0,359.2,5.99,6.1,330.3,0.0608,1.0,4.0,3.44,-0.56,55.0,0.91,1,5.5-6h,04:30
133,5,Carnegie Mellon University,Spring 2017,lac1,Female,0.0,0.0,477.9,7.97,22.0,370.3,0.6467,0.897,3.48,3.83,0.35,52.0,0.386,0,7.5h+,05:10
134,5,Carnegie Mellon University,Spring 2017,lac1,Male,0.0,0.0,430.1,7.17,22.3,497.0,0.3234,0.414,3.79,3.41,-0.38,46.0,-0.663,0,7-7.5h,07:17
136,5,Carnegie Mellon University,Spring 2017,lac1,Female,0.0,0.0,414.1,6.9,14.0,432.5,0.0793,1.0,3.23,3.49,0.26,43.0,-1.187,0,6.5-7h,06:12
137,5,Carnegie Mellon University,Spring 2017,lac1,Female,0.0,0.0,309.0,5.15,85.5,334.8,0.085,1.0,3.53,2.55,-0.98,59.0,1.609,1,<5.5h,04:35
142,5,Carnegie Mellon University,Spring 2017,lac1,Male,0.0,0.0,373.2,6.22,23.7,468.0,0.0964,1.0,4.0,3.81,-0.19,53.0,0.56,0,6-6.5h,06:48
144,5,Carnegie Mellon University,Spring 2017,lac1,Male,0.0,0.0,431.3,7.19,17.8,352.4,0.1047,1.0,3.05,2.73,-0.32,45.0,-0.838,0,7-7.5h,04:52
145,5,Carnegie Mellon University,Spring 2017,lac1,Female,0.0,0.0,406.5,6.78,39.0,358.1,0.0874,0.862,3.72,3.06,-0.66,51.0,0.211,0,6.5-7h,04:58
147,5,Carnegie Mellon University,Spring 2017,lac1,Male,0.0,0.0,394.9,6.58,67.5,339.3,0.3247,0.517,4.0,4.0,0.0,48.0,-0.313,0,6.5-7h,04:39
148,5,Carnegie Mellon University,Spring 2017,lac1,Female,0.0,0.0,324.6,5.41,21.7,371.3,0.4229,0.931,2.0,2.8,0.8,45.0,-0.838,1,<5.5h,05:11
149,5,Carnegie Mellon University,Spring 2017,lac1,Male,0.0,0.0,402.7,6.71,10.5,365.2,0.1672,0.793,2.49,2.77,0.28,44.0,-1.012,0,6.5-7h,05:05
152,5,Carnegie Mellon University,Spring 2017,lac1,Male,0.0,0.0,398.4,6.64,55.7,347.0,0.1735,0.379,3.98,4.0,0.02,49.0,-0.139,0,6.5-7h,04:47
153,5,Carnegie Mellon University,Spring 2017,lac1,Female,1.0,0.0,439.6,7.33,12.2,366.1,0.0398,1.0,3.1,3.3,0.2,56.0,1.085,0,7-7.5h,05:06
157,5,Carnegie Mellon University,Spring 2017,lac1,Male,1.0,1.0,428.6,7.14,21.3,323.8,0.0717,0.931,2.44,3.07,0.63,43.0,-1.187,0,7-7.5h,04:24
158,5,Carnegie Mellon University,Spring 2017,lac1,Female,0.0,1.0,391.9,6.53,13.1,364.5,0.1417,1.0,3.66,2.6,-1.06,64.0,2.483,0,6.5-7h,05:04
160,5,Carnegie Mellon University,Spring 2017,lac1,Female,0.0,0.0,372.2,6.2,25.0,383.2,0.0624,0.966,4.0,3.82,-0.18,54.0,0.735,0,6-6.5h,05:23
163,5,Carnegie Mellon University,Spring 2017,lac1,Male,0.0,1.0,429.9,7.16,52.7,437.8,0.2523,1.0,3.52,3.46,-0.06,53.0,0.56,0,7-7.5h,06:18
164,5,Carnegie Mellon University,Spring 2017,lac1,Male,0.0,0.0,387.9,6.47,31.8,421.2,0.0163,0.966,3.26,3.04,-0.22,48.0,-0.313,0,6-6.5h,06:01
166,5,Carnegie Mellon University,Spring 2017,lac1,Male,0.0,1.0,357.0,5.95,47.1,446.7,0.0647,1.0,2.0,1.5,-0.5,40.0,-1.711,1,5.5-6h,06:27
167,5,Carnegie Mellon University,Spring 2017,lac1,Female,0.0,0.0,445.9,7.43,14.3,322.1,0.1521,0.897,4.0,4.0,0.0,51.0,0.211,0,7-7.5h,04:22
168,5,Carnegie Mellon University,Spring 2017,lac1,Female,0.0,0.0,406.3,6.77,5.9,473.0,0.0575,1.0,3.23,3.59,0.36,51.0,0.211,0,6.5-7h,06:53
170,5,Carnegie Mellon University,Spring 2017,lac1,Male,0.0,0.0,348.1,5.8,22.1,430.4,0.4935,0.828,2.6,3.08,0.48,39.0,-1.886,1,5.5-6h,06:10
171,5,Carnegie Mellon University,Spring 2017,lac1,Male,0.0,0.0,414.7,6.91,17.8,496.2,0.0785,0.862,3.77,3.25,-0.52,48.0,-0.313,0,6.5-7h,07:16
172,5,Carnegie Mellon University,Spring 2017,lac1,Male,0.0,0.0,443.1,7.39,23.8,437.9,0.0528,1.0,2.91,2.61,-0.3,54.0,0.735,0,7-7.5h,06:18
173,5,Carnegie Mellon University,Spring 2017,lac1,Female,0.0,0.0,400.2,6.67,10.6,344.2,0.0362,0.931,2.93,3.06,0.13,49.0,-0.139,0,6.5-7h,04:44
174,5,Carnegie Mellon University,Spring 2017,lac1,Female,0.0,0.0,423.4,7.06,10.5,368.8,0.1302,0.655,3.21,4.0,0.79,61.0,1.958,0,7-7.5h,05:09
175,5,Carnegie Mellon University,Spring 2017,lac1,Male,0.0,0.0,307.3,5.12,17.8,295.5,0.2136,0.897,3.4,3.6,0.2,48.0,-0.313,1,<5.5h,03:56
176,5,Carnegie Mellon University,Spring 2017,lac1,Female,0.0,0.0,418.4,6.97,32.8,381.1,0.1166,0.862,2.5,2.33,-0.17,48.0,-0.313,0,6.5-7h,05:21
178,5,Carnegie Mellon University,Spring 2017,lac1,Male,0.0,0.0,371.7,6.2,42.9,451.0,2.043,0.379,3.82,3.78,-0.04,57.0,1.259,0,6-6.5h,06:31
179,5,Carnegie Mellon University,Spring 2017,lac1,Female,0.0,0.0,447.7,7.46,19.0,448.3,0.0903,1.0,3.07,2.43,-0.64,52.0,0.386,0,7-7.5h,06:28
180,5,Carnegie Mellon University,Spring 2017,lac1,Female,0.0,0.0,574.3,9.57,15.8,353.8,0.0314,1.0,3.49,3.6,0.11,45.0,-0.838,0,7.5h+,04:54
181,5,Carnegie Mellon University,Spring 2017,lac1,Female,0.0,0.0,408.1,6.8,12.1,328.0,0.093,0.897,4.0,4.0,0.0,53.0,0.56,0,6.5-7h,04:28
183,5,Carnegie Mellon University,Spring 2017,lac1,Male,0.0,0.0,437.6,7.29,24.6,473.0,0.0348,1.0,3.41,3.19,-0.22,48.0,-0.313,0,7-7.5h,06:53
184,5,Carnegie Mellon University,Spring 2017,lac1,Female,0.0,0.0,397.4,6.62,22.4,353.6,0.2095,0.862,3.2,3.36,0.16,60.0,1.784,0,6.5-7h,04:54
185,5,Carnegie Mellon University,Spring 2017,lac1,Female,0.0,0.0,432.2,7.2,24.2,458.7,0.1167,0.862,3.0,3.38,0.38,73.0,4.055,0,7-7.5h,06:39
189,5,Carnegie Mellon University,Spring 2017,lac1,Female,0.0,0.0,379.5,6.32,14.2,423.4,0.2073,1.0,4.0,3.56,-0.44,50.0,0.036,0,6-6.5h,06:03
190,5,Carnegie Mellon University,Spring 2017,lac1,Male,0.0,0.0,375.8,6.26,28.0,400.6,0.272,0.862,3.79,3.17,-0.62,54.0,0.735,0,6-6.5h,05:41
191,5,Carnegie Mellon University,Spring 2017,lac1,Female,0.0,0.0,377.8,6.3,23.8,395.7,0.0945,0.828,4.0,4.0,0.0,50.0,0.036,0,6-6.5h,05:36
194,5,Carnegie Mellon University,Spring 2017,lac1,Male,0.0,0.0,370.5,6.18,27.8,451.7,0.1101,0.724,3.76,3.38,-0.38,47.0,-0.488,0,6-6.5h,06:32
196,5,Carnegie Mellon University,Spring 2017,lac1,Male,0.0,0.0,456.5,7.61,21.0,316.8,0.1069,0.966,3.79,3.18,-0.61,49.0,-0.139,0,7.5h+,04:17
197,5,Carnegie Mellon University,Spring 2017,lac1,Male,0.0,0.0,336.0,5.6,20.7,494.1,0.7776,0.793,1.57,2.67,1.1,54.0,0.735,1,5.5-6h,07:14
198,5,Carnegie Mellon University,Spring 2017,lac1,Female,0.0,1.0,371.3,6.19,106.4,321.6,0.1528,1.0,3.3,2.94,-0.36,53.0,0.56,0,6-6.5h,04:22
200,5,Carnegie Mellon University,Spring 2017,lac1,Female,0.0,0.0,463.9,7.73,30.6,366.0,0.4366,0.793,3.71,3.77,0.06,47.0,-0.488,0,7.5h+,05:06
201,5,Carnegie Mellon University,Spring 2017,lac1,Female,0.0,1.0,444.3,7.4,22.1,318.4,0.2119,0.966,3.71,3.79,0.08,52.0,0.386,0,7-7.5h,04:18
202,5,Carnegie Mellon University,Spring 2017,lac1,Female,0.0,1.0,300.4,5.01,61.3,465.4,0.1732,1.0,1.95,3.0,1.05,45.0,-0.838,1,<5.5h,06:45
204,5,Carnegie Mellon University,Spring 2017,lac1,Male,0.0,1.0,393.6,6.56,66.4,349.2,1.8734,0.655,2.15,2.76,0.61,49.0,-0.139,0,6.5-7h,04:49
208,5,Carnegie Mellon University,Spring 2017,lac1,Male,0.0,1.0,382.5,6.37,37.1,539.6,0.4276,0.966,2.65,3.53,0.88,50.0,0.036,0,6-6.5h,08:00
209,5,Carnegie Mellon University,Spring 2017,lac1,Female,0.0,0.0,344.3,5.74,15.0,560.9,1.5293,0.793,3.57,3.07,-0.5,63.0,2.308,1,5.5-6h,08:21
211,5,Carnegie Mellon University,Spring 2017,lac1,Female,0.0,0.0,292.1,4.87,9.4,424.0,0.235,1.0,3.77,2.78,-0.99,57.0,1.259,1,<5.5h,06:04
214,5,Carnegie Mellon University,Spring 2017,lac1,Female,0.0,0.0,477.4,7.96,23.2,346.1,0.2401,0.966,4.0,4.0,0.0,48.0,-0.313,0,7.5h+,04:46
215,5,Carnegie Mellon University,Spring 2017,lac1,Female,0.0,0.0,424.7,7.08,11.7,346.8,0.0307,1.0,3.79,4.0,0.21,50.0,0.036,0,7-7.5h,04:47
216,5,Carnegie Mellon University,Spring 2017,lac1,Female,1.0,0.0,360.0,6.0,34.1,372.1,0.1411,1.0,3.16,3.56,0.4,57.0,1.259,0,6-6.5h,05:12
218,5,Carnegie Mellon University,Spring 2017,lac1,Female,0.0,0.0,442.1,7.37,9.7,424.3,0.1024,0.966,4.0,4.0,0.0,48.0,-0.313,0,7-7.5h,06:04
220,5,Carnegie Mellon University,Spring 2017,lac1,Female,0.0,0.0,382.2,6.37,2.3,463.6,0.0648,0.897,3.82,3.76,-0.06,58.0,1.434,0,6-6.5h,06:44
222,5,Carnegie Mellon University,Spring 2017,lac1,,0.0,0.0,367.4,6.12,16.3,405.8,0.1612,0.931,3.5,3.4,-0.1,53.0,0.56,0,6-6.5h,05:46
223,5,Carnegie Mellon University,Spring 2017,lac1,Female,0.0,0.0,421.5,7.02,46.5,687.5,1.7758,0.483,3.2,1.69,-1.51,51.0,0.211,0,7-7.5h,10:28
224,5,Carnegie Mellon University,Spring 2017,lac1,Male,0.0,0.0,345.9,5.76,21.7,414.1,0.0775,0.966,4.0,4.0,0.0,43.0,-1.187,1,5.5-6h,05:54
229,5,Carnegie Mellon University,Spring 2017,lac1,Female,0.0,0.0,367.8,6.13,28.4,560.1,0.2925,0.828,3.0,3.75,0.75,45.0,-0.838,0,6-6.5h,08:20
233,5,Carnegie Mellon University,Spring 2017,lac1,Female,0.0,0.0,362.9,6.05,18.1,496.6,0.2625,0.586,2.62,2.46,-0.16,51.0,0.211,0,6-6.5h,07:17
234,5,Carnegie Mellon University,Spring 2017,lac1,Male,1.0,1.0,303.4,5.06,29.5,545.6,0.9619,0.897,1.91,2.98,1.07,49.0,-0.139,1,<5.5h,08:06
236,5,Carnegie Mellon University,Spring 2017,lac1,Male,0.0,0.0,391.3,6.52,30.8,410.8,0.1901,0.862,3.29,3.51,0.22,53.0,0.56,0,6.5-7h,05:51
240,5,Carnegie Mellon University,Spring 2017,lac1,Male,0.0,1.0,370.4,6.17,20.2,404.9,0.055,1.0,3.8,3.22,-0.58,44.0,-1.012,0,6-6.5h,05:45
241,5,Carnegie Mellon University,Spring 2017,lac1,Female,0.0,0.0,393.5,6.56,39.9,376.1,0.2428,0.793,3.81,3.6,-0.21,49.0,-0.139,0,6.5-7h,05:16
242,5,Carnegie Mellon University,Spring 2017,lac1,Male,0.0,0.0,413.6,6.89,17.7,420.4,0.045,1.0,3.49,3.54,0.05,42.0,-1.362,0,6.5-7h,06:00
247,5,Carnegie Mellon University,Spring 2017,lac1,Male,0.0,1.0,365.9,6.1,28.2,501.1,0.2924,0.828,3.72,3.81,0.09,53.0,0.56,0,6-6.5h,07:21
249,5,Carnegie Mellon University,Spring 2017,lac1,Male,0.0,0.0,394.1,6.57,17.1,539.5,0.322,0.966,3.61,3.38,-0.23,48.0,-0.313,0,6.5-7h,08:00
254,5,Carnegie Mellon University,Spring 2017,lac1,Female,0.0,0.0,443.4,7.39,13.8,367.2,0.0409,1.0,3.8,4.0,0.2,52.0,0.386,0,7-7.5h,05:07
255,5,Carnegie Mellon University,Spring 2017,lac1,Female,0.0,0.0,348.6,5.81,20.5,434.7,0.6755,0.931,3.4,3.19,-0.21,60.0,1.784,1,5.5-6h,06:15
258,5,Carnegie Mellon University,Spring 2017,lac1,Male,0.0,0.0,412.5,6.88,14.8,361.1,0.1295,0.966,3.76,3.55,-0.21,52.0,0.386,0,6.5-7h,05:01
261,5,Carnegie Mellon University,Spring 2017,lac1,Male,0.0,0.0,342.5,5.71,22.0,468.6,0.1988,0.759,3.76,3.8,0.04,53.0,0.56,1,5.5-6h,06:49
264,5,Carnegie Mellon University,Spring 2017,lac1,Male,0.0,0.0,411.9,6.86,26.1,406.3,0.3402,0.759,2.91,3.4,0.49,45.0,-0.838,0,6.5-7h,05:46
265,5,Carnegie Mellon University,Spring 2017,lac1,Female,0.0,0.0,422.1,7.04,17.0,414.8,0.1296,0.931,3.86,3.28,-0.58,60.0,1.784,0,7-7.5h,05:55
266,5,Carnegie Mellon University,Spring 2017,lac1,Female,0.0,1.0,360.7,6.01,33.9,419.7,0.1657,1.0,3.07,2.4,-0.67,45.0,-0.838,0,6-6.5h,06:00
276,5,Carnegie Mellon University,Spring 2017,lac1,Female,1.0,0.0,338.3,5.64,11.3,362.8,0.1558,0.828,3.43,3.21,-0.22,43.0,-1.187,1,5.5-6h,05:03
278,5,Carnegie Mellon University,Spring 2017,lac1,Female,0.0,0.0,266.8,4.45,162.7,514.0,0.7721,0.414,2.98,3.56,0.58,48.0,-0.313,1,<5.5h,07:34
279,5,Carnegie Mellon University,Spring 2017,lac1,Female,0.0,0.0,314.6,5.24,21.4,479.4,0.1685,1.0,3.61,3.49,-0.12,59.0,1.609,1,<5.5h,06:59
280,5,Carnegie Mellon University,Spring 2017,lac1,Female,0.0,0.0,352.8,5.88,37.5,435.7,0.1915,0.552,2.33,3.5,1.17,47.0,-0.488,1,5.5-6h,06:16
281,5,Carnegie Mellon University,Spring 2017,lac1,Male,0.0,0.0,442.1,7.37,14.1,580.2,3.6416,0.379,3.46,3.5,0.04,52.0,0.386,0,7-7.5h,08:40
282,5,Carnegie Mellon University,Spring 2017,lac1,Male,0.0,0.0,416.7,6.95,44.6,384.2,0.1473,1.0,2.93,3.57,0.64,42.0,-1.362,0,6.5-7h,05:24
284,5,Carnegie Mellon University,Spring 2017,lac1,Female,0.0,0.0,383.3,6.39,26.3,532.0,0.7065,0.862,3.0,3.6,0.6,45.0,-0.838,0,6-6.5h,07:52
287,5,Carnegie Mellon University,Spring 2017,lac1,Female,0.0,0.0,398.9,6.65,21.5,442.4,0.2269,0.931,3.39,3.6,0.21,45.0,-0.838,0,6.5-7h,06:22
288,5,Carnegie Mellon University,Spring 2017,lac1,Female,0.0,0.0,460.5,7.68,24.9,324.5,0.1709,0.931,3.57,2.6,-0.97,45.0,-0.838,0,7.5h+,04:24
289,5,Carnegie Mellon University,Spring 2017,lac1,Male,0.0,1.0,400.7,6.68,60.6,526.5,0.2969,0.724,2.76,3.23,0.47,49.0,-0.139,0,6.5-7h,07:46
291,5,Carnegie Mellon University,Spring 2017,lac1,Female,0.0,0.0,433.3,7.22,25.4,460.1,0.2532,0.793,1.21,2.32,1.11,50.0,0.036,0,7-7.5h,06:40
292,5,Carnegie Mellon University,Spring 2017,lac1,Female,0.0,0.0,349.4,5.82,14.4,473.9,0.2457,0.586,3.39,3.8,0.41,45.0,-0.838,1,5.5-6h,06:54
295,5,Carnegie Mellon University,Spring 2017,lac1,Female,0.0,0.0,402.4,6.71,10.9,349.2,0.4063,0.828,3.47,3.0,-0.47,54.0,0.735,0,6.5-7h,04:49
297,5,Carnegie Mellon University,Spring 2017,lac1,Female,0.0,0.0,335.9,5.6,72.7,610.7,1.3834,0.724,3.27,3.03,-0.24,40.0,-1.711,1,5.5-6h,09:11
299,5,Carnegie Mellon University,Spring 2017,lac1,Female,0.0,1.0,300.4,5.01,9.0,469.7,1.7201,0.552,3.28,1.7,-1.58,53.0,0.56,1,<5.5h,06:50
300,5,Carnegie Mellon University,Spring 2017,lac1,Female,0.0,0.0,413.4,6.89,41.9,386.7,0.2513,1.0,2.96,3.28,0.32,42.0,-1.362,0,6.5-7h,05:27
301,5,Carnegie Mellon University,Spring 2017,lac1,Male,0.0,0.0,293.5,4.89,31.9,395.2,0.0931,1.0,4.0,3.77,-0.23,53.0,0.56,1,<5.5h,05:35
302,5,Carnegie Mellon University,Spring 2017,lac1,Female,0.0,0.0,326.5,5.44,34.8,369.3,0.1346,0.897,3.25,3.4,0.15,45.0,-0.838,1,<5.5h,05:09
303,5,Carnegie Mellon University,Spring 2017,lac1,Female,0.0,0.0,384.8,6.41,20.2,341.0,0.1047,1.0,3.17,3.05,-0.12,55.0,0.91,0,6-6.5h,04:41
304,5,Carnegie Mellon University,Spring 2017,lac1,Female,0.0,0.0,362.4,6.04,50.6,440.7,0.1026,0.966,3.0,3.41,0.41,51.0,0.211,0,6-6.5h,06:21
305,5,Carnegie Mellon University,Spring 2017,lac1,Female,0.0,0.0,361.4,6.02,15.3,430.9,0.1009,0.966,3.52,3.26,-0.26,48.0,-0.313,0,6-6.5h,06:11
306,5,Carnegie Mellon University,Spring 2017,lac1,Female,0.0,0.0,330.5,5.51,37.8,439.8,0.4339,1.0,3.56,2.98,-0.58,48.0,-0.313,1,5.5-6h,06:20
307,5,Carnegie Mellon University,Spring 2017,lac1,Female,0.0,0.0,399.9,6.66,17.4,358.8,0.152,0.966,2.67,3.13,0.46,45.0,-0.838,0,6.5-7h,04:59
308,5,Carnegie Mellon University,Spring 2017,lac1,Female,0.0,0.0,401.1,6.68,11.4,420.7,0.1095,0.897,3.74,3.39,-0.35,52.0,0.386,0,6.5-7h,06:01
309,5,Carnegie Mellon University,Spring 2017,lac1,Male,1.0,1.0,438.6,7.31,48.0,552.3,0.0986,0.931,2.57,2.4,-0.17,45.0,-0.838,0,7-7.5h,08:12
310,5,Carnegie Mellon University,Spring 2017,lac1,Male,0.0,1.0,398.5,6.64,7.6,379.6,0.1785,0.69,3.35,3.38,0.03,48.0,-0.313,0,6.5-7h,05:20
311,5,Carnegie Mellon University,Spring 2017,lac1,Female,0.0,0.0,378.2,6.3,38.2,460.7,0.1733,0.966,3.21,2.49,-0.72,46.0,-0.663,0,6-6.5h,06:41
312,5,Carnegie Mellon University,Spring 2017,lac1,Male,0.0,0.0,375.1,6.25,33.9,461.5,0.2224,0.862,3.47,3.29,-0.18,41.0,-1.537,0,6-6.5h,06:42
313,5,Carnegie Mellon University,Spring 2017,lac1,Female,1.0,0.0,378.1,6.3,21.7,497.0,0.2712,0.897,3.29,2.47,-0.82,45.0,-0.838,0,6-6.5h,07:17
316,5,Carnegie Mellon University,Spring 2017,lac1,Female,0.0,1.0,446.1,7.44,23.1,383.2,0.1767,0.793,3.71,2.83,-0.88,57.0,1.259,0,7-7.5h,05:23
322,5,Carnegie Mellon University,Spring 2017,lac1,Male,0.0,0.0,421.9,7.03,40.9,424.8,0.196,0.966,2.9,3.36,0.46,45.0,-0.838,0,7-7.5h,06:05
323,5,Carnegie Mellon University,Spring 2017,lac1,Male,0.0,0.0,365.7,6.1,27.6,519.5,0.2241,1.0,4.0,4.0,0.0,58.0,1.434,0,6-6.5h,07:40
326,5,Carnegie Mellon University,Spring 2017,lac1,Male,0.0,1.0,399.5,6.66,29.5,560.6,1.9322,0.586,1.94,1.79,-0.15,50.0,0.036,0,6.5-7h,08:21
329,5,Carnegie Mellon University,Spring 2017,lac1,Male,0.0,0.0,465.9,7.77,31.7,592.6,0.2355,0.966,2.84,3.12,0.28,45.0,-0.838,0,7.5h+,08:53
332,5,Carnegie Mellon University,Spring 2017,lac1,Female,1.0,0.0,359.5,5.99,23.8,444.2,0.3553,0.828,3.4,3.69,0.29,49.0,-0.139,1,5.5-6h,06:24
333,5,Carnegie Mellon University,Spring 2017,lac1,Female,0.0,0.0,360.6,6.01,23.1,419.1,0.1372,0.793,3.79,4.0,0.21,45.0,-0.838,0,6-6.5h,05:59
334,5,Carnegie Mellon University,Spring 2017,lac1,Female,1.0,0.0,388.8,6.48,13.8,493.1,0.1711,0.759,3.21,2.6,-0.61,45.0,-0.838,0,6-6.5h,07:13
337,5,Carnegie Mellon University,Spring 2017,lac1,Female,0.0,0.0,389.7,6.5,14.6,447.9,0.0894,1.0,3.33,3.74,0.41,58.0,1.434,0,6.5-7h,06:28
338,5,Carnegie Mellon University,Spring 2017,lac1,Female,1.0,0.0,388.6,6.48,47.9,443.0,0.86,0.483,3.29,2.87,-0.42,45.0,-0.838,0,6-6.5h,06:23
341,5,Carnegie Mellon University,Spring 2017,lac1,Female,0.0,0.0,351.6,5.86,5.1,408.1,0.1308,0.931,3.5,3.51,0.01,41.0,-1.537,1,5.5-6h,05:48
343,5,Carnegie Mellon University,Spring 2017,lac1,Male,0.0,0.0,454.3,7.57,52.7,423.8,1.477,0.966,3.79,3.5,-0.29,60.0,1.784,0,7.5h+,06:04
346,5,Carnegie Mellon University,Spring 2017,lac1,Female,0.0,0.0,361.5,6.02,19.9,395.8,0.0847,0.655,3.74,3.48,-0.26,46.0,-0.663,0,6-6.5h,05:36
347,5,Carnegie Mellon University,Spring 2017,lac1,Female,0.0,0.0,445.6,7.43,31.9,313.4,0.095,1.0,3.74,3.74,0.0,46.0,-0.663,0,7-7.5h,04:13
349,5,Carnegie Mellon University,Spring 2017,lac1,Female,0.0,0.0,430.8,7.18,18.6,351.1,0.107,0.276,3.44,3.61,0.17,49.0,-0.139,0,7-7.5h,04:51
353,5,Carnegie Mellon University,Spring 2017,lac1,Female,0.0,0.0,360.9,6.01,22.1,452.6,0.0608,1.0,3.62,3.81,0.19,54.0,0.735,0,6-6.5h,06:33
356,5,Carnegie Mellon University,Spring 2017,lac1,Male,0.0,0.0,303.8,5.06,11.9,431.1,0.1568,0.276,3.22,1.38,-1.84,48.0,-0.313,1,<5.5h,06:11
357,5,Carnegie Mellon University,Spring 2017,lac1,Female,0.0,0.0,397.9,6.63,22.7,407.8,0.2347,0.897,4.0,4.0,0.0,49.0,-0.139,0,6.5-7h,05:48
